Ranking position [NDVI];Ranking position [%GA];City;Country;NDVI [mean level];NDVI target [WHO levels threshold];% Population below NDVI target [NDVI];Avoidable deaths [NDVI target] [NDVI];%GA [mean level];%GA target [WHO levels threshold];% Population below %GA target [%GA];Avoidable deaths [%GA target] [%GA];;;;;;;;;;;;;;;;;
1;77;Trieste;IT;0,524;0,520;73,9;145;38,7;25;74,4;32;;;;;;;;;;;;;;;;;
2;32;Turin;IT;0,423;0,467;92,2;546;24,9;25;89,9;143;;;;;;;;;;;;;;;;;
3;24;Blackpool (metropolitan area);UK;0,593;0,535;72,7;144;42,5;25;76,8;43;;;;;;;;;;;;;;;;;
4;322;Gijón;ES;0,577;0,493;70,5;138;57,9;25;64,8;27;;;;;;;;;;;;;;;;;
5;46;Brussels;BE;0,465;0,520;78,5;426;17,4;25;86,1;125;;;;;;;;;;;;;;;;;
6;148;Le Havre;FR;0,584;0,566;66,7;87;46,3;25;67,6;23;;;;;;;;;;;;;;;;;
7;26;Szombathely;HU;0,545;0,584;80,8;32;34,6;25;66,8;12;;;;;;;;;;;;;;;;;
8;111;Boulogne-sur-Mer;FR;0,608;0,559;67,3;42;52,9;25;68,0;12;;;;;;;;;;;;;;;;;
9;35;Copenhagen (metropolitan area);DK;0,534;0,547;76,5;437;22,1;25;83,7;154;;;;;;;;;;;;;;;;;
10;275;A Coruña;ES;0,437;0,451;66,6;93;31,3;25;66,5;22;;;;;;;;;;;;;;;;;
11;187;Lyon;FR;0,511;0,532;79,2;405;29,1;25;80,8;108;;;;;;;;;;;;;;;;;
12;13;Budapest;HU;0,487;0,512;76,6;746;20,0;25;84,5;316;;;;;;;;;;;;;;;;;
13;105;Massa;IT;0,540;0,593;75,0;33;28,2;25;74,5;10;;;;;;;;;;;;;;;;;
14;53;Dobrich;BG;0,479;0,498;76,1;17;34,4;25;66,8;6;;;;;;;;;;;;;;;;;
15;101;Livorno;IT;0,472;0,423;84,0;73;41,2;25;76,7;23;;;;;;;;;;;;;;;;;
16;43;Pécs;HU;0,584;0,593;77,7;59;38,8;25;69,9;22;;;;;;;;;;;;;;;;;
17;84;Paris (metropolitan area);FR;0,421;0,475;86,4;1918;14,3;25;90,7;614;;;;;;;;;;;;;;;;;
18;10;Athens (metropolitan area);EL;0,290;0,318;87,7;1431;20,4;25;85,9;643;;;;;;;;;;;;;;;;;
19;165;Naples (metropolitan area);IT;0,488;0,443;74,5;953;38,6;25;71,7;281;;;;;;;;;;;;;;;;;
20;1;Cádiz;ES;0,155;0,231;97,2;34;7,1;25;100,0;20;;;;;;;;;;;;;;;;;
21;69;Varna;BG;0,537;0,539;73,4;102;33,2;25;75,1;36;;;;;;;;;;;;;;;;;
22;104;Venice;IT;0,466;0,451;62,3;102;41,5;25;70,2;34;;;;;;;;;;;;;;;;;
23;113;Bamberg;DE;0,513;0,517;67,0;28;31,2;25;72,7;9;;;;;;;;;;;;;;;;;
24;4;Línea de la Concepción, La;ES;0,229;0,266;93,7;19;16,7;25;82,6;10;;;;;;;;;;;;;;;;;
25;102;Brighton and Hove (metropolitan area);UK;0,551;0,569;73,2;100;27,3;25;77,0;34;;;;;;;;;;;;;;;;;
26;50;Molfetta;IT;0,361;0,315;75,7;21;58,9;25;78,7;8;;;;;;;;;;;;;;;;;
27;14;Eastbourne;UK;0,545;0,578;77,8;43;22,3;25;83,0;20;;;;;;;;;;;;;;;;;
28;29;Riga;LV;0,499;0,505;72,4;227;26,8;25;77,4;97;;;;;;;;;;;;;;;;;
29;241;Geneva (metropolitan area);CH;0,528;0,551;74,9;103;25,8;25;82,1;29;;;;;;;;;;;;;;;;;
30;42;Ostend;BE;0,439;0,469;63,1;27;21,5;25;79,7;11;;;;;;;;;;;;;;;;;
31;25;Argenteuil - Bezons;FR;0,412;0,497;88,3;29;10,2;25;92,1;13;;;;;;;;;;;;;;;;;
32;39;Lecco;IT;0,486;0,481;62,5;17;34,2;25;77,3;7;;;;;;;;;;;;;;;;;
33;61;Roanne;FR;0,500;0,489;67,1;23;35,3;25;74,0;9;;;;;;;;;;;;;;;;;
34;87;Syracuse;IT;0,394;0,360;87,4;37;55,7;25;66,0;14;;;;;;;;;;;;;;;;;
35;47;Great Yarmouth;UK;0,527;0,531;68,5;34;37,8;25;71,8;14;;;;;;;;;;;;;;;;;
36;419;Como;IT;0,583;0,555;55,7;31;37,4;25;60,2;8;;;;;;;;;;;;;;;;;
37;11;Torbay;UK;0,604;0,633;78,7;52;23,2;25;80,5;27;;;;;;;;;;;;;;;;;
38;2;Worthing;UK;0,528;0,573;86,7;42;13,8;25;90,3;26;;;;;;;;;;;;;;;;;
39;427;Savona;IT;0,501;0,418;59,4;26;51,6;25;65,9;6;;;;;;;;;;;;;;;;;
40;185;Florence;IT;0,487;0,455;76,3;142;41,5;25;72,7;47;;;;;;;;;;;;;;;;;
41;95;Antwerp;BE;0,467;0,501;67,8;157;22,3;25;75,7;59;;;;;;;;;;;;;;;;;
42;300;Salerno;IT;0,534;0,416;63,6;44;51,5;25;64,9;13;;;;;;;;;;;;;;;;;
43;34;Daugavpils;LV;0,510;0,504;70,0;32;36,8;25;70,0;14;;;;;;;;;;;;;;;;;
44;123;Pescara;IT;0,399;0,397;69,7;43;31,0;25;74,7;16;;;;;;;;;;;;;;;;;
45;383;Genoa;IT;0,554;0,464;59,5;241;46,4;25;60,9;63;;;;;;;;;;;;;;;;;
46;27;Thessaloniki (metropolitan area);EL;0,323;0,353;87,7;245;19,4;25;86,1;114;;;;;;;;;;;;;;;;;
47;518;Turku-Abo;FI;0,486;0,481;63,6;55;49,9;25;59,1;12;;;;;;;;;;;;;;;;;
48;653;Ferrol;ES;0,636;0,538;43,9;23;55,7;25;46,6;4;;;;;;;;;;;;;;;;;
49;114;Bologna;IT;0,500;0,485;75,0;144;39,4;25;76,5;53;;;;;;;;;;;;;;;;;
50;122;Bremen;DE;0,581;0,601;67,5;185;28,5;25;75,3;68;;;;;;;;;;;;;;;;;
51;277;Nuremberg;DE;0,493;0,513;68,0;165;31,6;25;62,6;49;;;;;;;;;;;;;;;;;
52;21;Ceuta;ES;0,286;0,316;76,2;17;21,6;25;84,2;8;;;;;;;;;;;;;;;;;
53;132;Cosenza;IT;0,510;0,402;61,8;22;59,0;25;67,7;8;;;;;;;;;;;;;;;;;
54;7;Constanța;RO;0,373;0,410;80,4;69;17,3;25;85,2;39;;;;;;;;;;;;;;;;;
55;6;Ploiesti;RO;0,436;0,471;76,7;58;19,9;25;82,7;33;;;;;;;;;;;;;;;;;
56;133;Bremerhaven;DE;0,557;0,558;55,8;36;28,9;25;69,3;13;;;;;;;;;;;;;;;;;
57;298;La Spezia;IT;0,573;0,479;53,5;39;51,4;25;62,8;12;;;;;;;;;;;;;;;;;
58;66;Hilversum;NL;0,553;0,567;69,8;27;31,4;25;71,8;11;;;;;;;;;;;;;;;;;
59;15;Barletta;IT;0,289;0,298;81,4;25;52,6;25;97,7;13;;;;;;;;;;;;;;;;;
60;97;Calais;FR;0,495;0,478;64,4;24;35,4;25;70,4;10;;;;;;;;;;;;;;;;;
61;217;Tallin;EE;0,513;0,513;70,8;108;28,8;25;67,1;36;;;;;;;;;;;;;;;;;
62;3;Serres;EL;0,398;0,411;63,0;25;26,2;25;74,0;16;;;;;;;;;;;;;;;;;
63;318;Kavala;EL;0,426;0,404;54,9;20;36,7;25;58,5;6;;;;;;;;;;;;;;;;;
64;190;Ghent;BE;0,538;0,558;64,1;72;30,2;25;70,1;25;;;;;;;;;;;;;;;;;
65;267;Taranto;IT;0,345;0,343;74,7;57;39,6;25;65,7;18;;;;;;;;;;;;;;;;;
66;89;Volos;EL;0,368;0,381;71,0;26;34,4;25;68,2;11;;;;;;;;;;;;;;;;;
67;260;Palermo;IT;0,358;0,347;77,3;182;34,5;25;70,2;59;;;;;;;;;;;;;;;;;
68;166;Marseille;FR;0,412;0,415;72,0;278;32,8;25;75,8;102;;;;;;;;;;;;;;;;;
69;276;Vienna;AT;0,474;0,485;61,4;464;27,8;25;70,1;148;;;;;;;;;;;;;;;;;
70;213;Communauté d'Agglomération Seine-Essonne (CASE);FR;0,571;0,585;73,4;14;29,4;25;77,6;5;;;;;;;;;;;;;;;;;
71;59;Sliven;BG;0,497;0,472;70,4;16;44,6;25;67,1;7;;;;;;;;;;;;;;;;;
72;159;London (metropolitan area);UK;0,515;0,537;76,6;1712;22,3;25;82,8;645;;;;;;;;;;;;;;;;;
73;231;Rouen;FR;0,611;0,572;61,3;125;47,4;25;64,2;42;;;;;;;;;;;;;;;;;
74;262;Malmö;SE;0,522;0,513;67,2;90;34,6;25;73,9;29;;;;;;;;;;;;;;;;;
75;362;Cardiff;UK;0,551;0,563;63,9;86;31,5;25;71,1;25;;;;;;;;;;;;;;;;;
76;18;CA Val et Forêt;FR;0,535;0,567;89,1;18;17,6;25;90,8;10;;;;;;;;;;;;;;;;;
77;12;Bucarest;RO;0,402;0,439;78,5;470;16,4;25;85,3;272;;;;;;;;;;;;;;;;;
78;200;Bari;IT;0,317;0,325;77,3;90;34,2;25;70,5;32;;;;;;;;;;;;;;;;;
79;195;Bergamo;IT;0,506;0,486;67,6;35;35,2;25;67,8;13;;;;;;;;;;;;;;;;;
80;37;Baia Mare;RO;0,554;0,519;73,7;26;41,7;25;74,1;13;;;;;;;;;;;;;;;;;
81;158;Klaipėda;LT;0,521;0,511;62,5;40;34,0;25;64,1;15;;;;;;;;;;;;;;;;;
82;140;Basel (metropolitan area);CH;0,544;0,563;72,5;85;25,1;25;79,4;34;;;;;;;;;;;;;;;;;
83;385;Nice;FR;0,539;0,491;58,3;162;45,5;25;55,7;47;;;;;;;;;;;;;;;;;
84;247;Leeuwarden;NL;0,587;0,567;70,8;27;38,7;25;70,0;9;;;;;;;;;;;;;;;;;
85;93;Catania;IT;0,332;0,342;71,2;82;30,4;25;72,3;35;;;;;;;;;;;;;;;;;
86;135;North East Lincolnshire;UK;0,549;0,566;59,0;44;34,1;25;64,7;18;;;;;;;;;;;;;;;;;
87;229;Liverpool (metropolitan area);UK;0,555;0,549;62,4;361;32,2;25;68,1;127;;;;;;;;;;;;;;;;;
88;263;The Hague;NL;0,503;0,526;66,3;176;25,3;25;70,4;59;;;;;;;;;;;;;;;;;
89;228;Bordeaux;FR;0,491;0,494;78,2;172;29,4;25;77,5;61;;;;;;;;;;;;;;;;;
90;82;Barcelona (metropolitan area);ES;0,339;0,324;81,6;924;29,2;25;79,8;400;;;;;;;;;;;;;;;;;
91;294;Plymouth;UK;0,560;0,578;61,6;66;24,5;25;70,7;22;;;;;;;;;;;;;;;;;
92;287;Sopron;HU;0,584;0,559;69,4;16;49,6;25;65,6;5;;;;;;;;;;;;;;;;;
93;401;Santander;ES;0,476;0,444;65,3;49;33,2;25;60,0;14;;;;;;;;;;;;;;;;;
94;38;Sibiu;RO;0,437;0,458;79,9;31;26,9;25;78,5;16;;;;;;;;;;;;;;;;;
95;152;Lódz;PL;0,554;0,530;61,2;212;45,1;25;57,7;84;;;;;;;;;;;;;;;;;
96;410;Haarlem;NL;0,553;0,545;64,3;74;34,0;25;60,1;22;;;;;;;;;;;;;;;;;
97;16;Braila;RO;0,381;0,415;78,9;45;17,3;25;83,6;26;;;;;;;;;;;;;;;;;
98;60;Southend-on-Sea (metropolitan area);UK;0,527;0,536;75,7;75;24,7;25;79,8;35;;;;;;;;;;;;;;;;;
99;335;Grenoble;FR;0,540;0,521;74,4;85;42,4;25;73,2;27;;;;;;;;;;;;;;;;;
100;487;Bilbao (metropolitan area);ES;0,524;0,416;67,4;220;43,1;25;65,2;59;;;;;;;;;;;;;;;;;
101;19;Arad;RO;0,467;0,482;77,4;38;26,1;25;78,0;22;;;;;;;;;;;;;;;;;
102;490;Oviedo;ES;0,594;0,490;64,0;67;62,7;25;61,4;18;;;;;;;;;;;;;;;;;
103;120;Sunderland;UK;0,568;0,586;65,4;71;26,7;25;69,9;30;;;;;;;;;;;;;;;;;
104;160;Hengelo;NL;0,568;0,576;63,3;19;35,1;25;73,4;8;;;;;;;;;;;;;;;;;
105;333;Konstanz;DE;0,597;0,619;64,6;22;33,6;25;60,1;7;;;;;;;;;;;;;;;;;
106;33;Cannes;FR;0,448;0,460;60,2;24;17,9;25;78,1;12;;;;;;;;;;;;;;;;;
107;22;Thanet;UK;0,511;0,518;74,0;41;28,5;25;77,8;23;;;;;;;;;;;;;;;;;
108;215;Amsterdam;NL;0,486;0,513;69,5;187;23,1;25;73,9;70;;;;;;;;;;;;;;;;;
109;244;Nancy;FR;0,529;0,527;70,6;58;32,0;25;71,3;20;;;;;;;;;;;;;;;;;
110;184;Wilhelmshaven;DE;0,640;0,619;58,0;24;40,7;25;63,0;9;;;;;;;;;;;;;;;;;
111;237;Graz;AT;0,554;0,532;72,9;69;35,9;25;75,3;25;;;;;;;;;;;;;;;;;
112;227;Santa Cruz de Tenerife (Metropolitan Area);ES;0,362;0,288;79,4;78;45,2;25;71,0;29;;;;;;;;;;;;;;;;;
113;121;Lille;FR;0,534;0,536;75,2;223;36,5;25;77,2;96;;;;;;;;;;;;;;;;;
114;345;Belfast (metropolitan area);UK;0,623;0,562;56,4;111;44,5;25;65,4;36;;;;;;;;;;;;;;;;;
115;309;Liège;BE;0,559;0,559;60,0;100;31,4;25;60,9;34;;;;;;;;;;;;;;;;;
116;75;Haskovo;BG;0,491;0,479;76,0;16;41,6;25;73,3;7;;;;;;;;;;;;;;;;;
117;117;Gallarate;IT;0,468;0,497;63,0;14;22,2;25;82,2;6;;;;;;;;;;;;;;;;;
118;352;Brest;FR;0,588;0,569;67,5;49;41,4;25;67,9;16;;;;;;;;;;;;;;;;;
119;254;Newport;UK;0,610;0,598;55,1;38;45,5;25;62,1;14;;;;;;;;;;;;;;;;;
120;45;Waveney;UK;0,568;0,570;65,9;35;31,7;25;71,2;18;;;;;;;;;;;;;;;;;
121;274;Belfort;FR;0,627;0,578;51,9;23;51,1;25;56,6;8;;;;;;;;;;;;;;;;;
122;170;Burgas;BG;0,478;0,467;66,7;43;42,3;25;64,6;18;;;;;;;;;;;;;;;;;
123;169;Aberdeen;UK;0,563;0,559;68,2;53;37,3;25;69,3;22;;;;;;;;;;;;;;;;;
124;129;Mannheim;DE;0,469;0,492;66,5;75;24,5;25;71,6;33;;;;;;;;;;;;;;;;;
125;36;Communauté d'Agglomération Les Portes de l'Essonne;FR;0,463;0,521;88,1;10;11,5;25;94,8;5;;;;;;;;;;;;;;;;;
126;224;Dunkirk;FR;0,519;0,492;64,4;40;41,3;25;63,7;15;;;;;;;;;;;;;;;;;
127;210;Asti;IT;0,589;0,469;59,3;23;66,9;25;67,5;9;;;;;;;;;;;;;;;;;
128;295;Annemasse;FR;0,595;0,560;68,1;17;45,7;25;70,4;6;;;;;;;;;;;;;;;;;
129;142;Bielsko-Biala;PL;0,586;0,595;70,7;39;35,2;25;69,4;17;;;;;;;;;;;;;;;;;
130;379;Limerick;IE;0,576;0,605;65,4;8;23,7;25;71,6;3;;;;;;;;;;;;;;;;;
131;252;Charleroi;BE;0,561;0,571;62,1;51;27,6;25;65,5;19;;;;;;;;;;;;;;;;;
132;188;Bristol;UK;0,541;0,563;70,1;88;22,4;25;77,2;36;;;;;;;;;;;;;;;;;
133;70;Iași;RO;0,496;0,490;73,7;54;37,5;25;72,4;26;;;;;;;;;;;;;;;;;
134;372;Linz;AT;0,546;0,536;58,5;47;36,4;25;66,1;15;;;;;;;;;;;;;;;;;
135;30;Debrecen;HU;0,535;0,525;67,2;56;43,9;25;71,4;31;;;;;;;;;;;;;;;;;
136;638;Tampere;FI;0,509;0,506;66,6;51;40,1;25;65,3;12;;;;;;;;;;;;;;;;;
137;329;Tours;FR;0,579;0,554;66,0;66;45,5;25;67,3;23;;;;;;;;;;;;;;;;;
138;76;Bisceglie;IT;0,336;0,302;70,8;13;51,4;25;83,4;6;;;;;;;;;;;;;;;;;
139;504;Lugano (metropolitan area);CH;0,647;0,579;51,7;21;47,5;25;57,1;6;;;;;;;;;;;;;;;;;
140;67;West Midlands urban area;UK;0,564;0,578;68,0;494;24,1;25;80,3;245;;;;;;;;;;;;;;;;;
141;146;Saint-Quentin;FR;0,572;0,535;62,7;17;48,9;25;63,8;7;;;;;;;;;;;;;;;;;
142;55;Cheltenham;UK;0,586;0,605;74,3;30;23,7;25;80,6;16;;;;;;;;;;;;;;;;;
143;58;Craiova;RO;0,454;0,456;76,0;57;29,3;25;76,6;29;;;;;;;;;;;;;;;;;
144;304;Düsseldorf;DE;0,538;0,542;60,2;155;30,0;25;66,2;56;;;;;;;;;;;;;;;;;
145;400;Melun;FR;0,595;0,581;72,2;19;36,8;25;64,9;6;;;;;;;;;;;;;;;;;
146;81;Sofia;BG;0,477;0,480;73,7;247;27,8;25;73,1;121;;;;;;;;;;;;;;;;;
147;143;Gouda;NL;0,504;0,538;62,0;16;19,6;25;80,2;7;;;;;;;;;;;;;;;;;
148;57;Derry & Strabane Local Government District;UK;0,615;0,629;69,0;27;33,0;25;71,3;14;;;;;;;;;;;;;;;;;
149;154;Neumünster;DE;0,591;0,603;66,2;21;31,8;25;65,8;9;;;;;;;;;;;;;;;;;
150;707;Stockholm (metropolitan area);SE;0,575;0,539;65,5;329;37,7;25;57,7;72;;;;;;;;;;;;;;;;;
151;80;Derby;UK;0,572;0,599;68,1;56;21,2;25;77,3;28;;;;;;;;;;;;;;;;;
152;286;Maribor;SI;0,599;0,522;58,9;27;53,9;25;59,1;10;;;;;;;;;;;;;;;;;
153;180;Gela;IT;0,299;0,283;76,3;19;59,6;25;82,6;8;;;;;;;;;;;;;;;;;
154;324;Brno;CZ;0,530;0,511;65,1;93;39,1;25;62,7;34;;;;;;;;;;;;;;;;;
155;334;Rome;IT;0,469;0,439;68,5;649;43,0;25;65,2;232;;;;;;;;;;;;;;;;;
156;103;Algeciras;ES;0,370;0,351;80,2;20;33,5;25;80,7;10;;;;;;;;;;;;;;;;;
157;65;Miskolc;HU;0,584;0,541;60,4;41;44,9;25;64,1;21;;;;;;;;;;;;;;;;;
158;246;Portsmouth (metropolitan area);UK;0,557;0,548;65,0;126;29,2;25;74,9;49;;;;;;;;;;;;;;;;;
159;290;Krefeld;DE;0,576;0,586;61,1;58;36,5;25;65,1;22;;;;;;;;;;;;;;;;;
160;137;Trapani;IT;0,347;0,290;54,0;17;63,0;25;68,7;8;;;;;;;;;;;;;;;;;
161;56;Bournemouth (metropolitan area);UK;0,547;0,562;74,2;90;21,6;25;82,6;48;;;;;;;;;;;;;;;;;
162;541;Kiel;DE;0,612;0,607;57,7;56;36,7;25;57,0;16;;;;;;;;;;;;;;;;;
163;289;Clermont-Ferrand;FR;0,531;0,501;67,6;61;39,5;25;69,6;23;;;;;;;;;;;;;;;;;
164;189;Schweinfurt;DE;0,550;0,547;47,9;15;32,3;25;64,7;7;;;;;;;;;;;;;;;;;
165;5;Foggia;IT;0,309;0,311;88,2;34;35,4;25;89,6;25;;;;;;;;;;;;;;;;;
166;64;Troyes;FR;0,510;0,507;74,1;28;32,3;25;79,0;15;;;;;;;;;;;;;;;;;
167;98;Vratsa;BG;0,564;0,498;66,3;11;57,0;25;66,6;5;;;;;;;;;;;;;;;;;
168;164;Berlin;DE;0,528;0,543;65,2;763;22,7;25;75,2;347;;;;;;;;;;;;;;;;;
169;236;Blackburn with Darwen;UK;0,602;0,564;60,4;27;46,1;25;62,7;11;;;;;;;;;;;;;;;;;
170;355;Innsbruck;AT;0,558;0,530;62,6;25;36,5;25;68,6;9;;;;;;;;;;;;;;;;;
171;423;Koblenz;DE;0,548;0,548;52,7;30;34,8;25;62,3;10;;;;;;;;;;;;;;;;;
172;340;Nantes;FR;0,576;0,544;68,7;113;43,0;25;67,3;41;;;;;;;;;;;;;;;;;
173;127;Zalaegerszeg;HU;0,593;0,574;73,1;14;50,2;25;65,9;7;;;;;;;;;;;;;;;;;
174;44;Pleven;BG;0,505;0,512;68,7;18;29,3;25;73,7;11;;;;;;;;;;;;;;;;;
175;358;Reggio Calabria;IT;0,428;0,352;58,5;43;56,9;25;56,9;16;;;;;;;;;;;;;;;;;
176;515;Aalborg;DK;0,649;0,586;56,1;45;58,5;25;53,9;14;;;;;;;;;;;;;;;;;
177;341;Cherbourg;FR;0,579;0,559;58,3;18;41,1;25;62,7;7;;;;;;;;;;;;;;;;;
178;171;Drobeta-Turnu Severin;RO;0,434;0,417;75,2;17;35,4;25;76,5;8;;;;;;;;;;;;;;;;;
179;9;Bârlad;RO;0,431;0,461;84,0;10;17,2;25;88,2;7;;;;;;;;;;;;;;;;;
180;209;Tilburg;NL;0,541;0,538;63,1;41;35,0;25;74,0;18;;;;;;;;;;;;;;;;;
181;284;Funchal;PT;0,457;0,437;66,0;23;34,7;25;65,0;9;;;;;;;;;;;;;;;;;
182;343;Žilina;SK;0,534;0,499;57,5;15;42,4;25;57,4;6;;;;;;;;;;;;;;;;;
183;134;Kaunas;LT;0,530;0,523;64,5;72;32,9;25;67,6;36;;;;;;;;;;;;;;;;;
184;278;Leiden;NL;0,514;0,538;67,7;50;23,9;25;72,0;20;;;;;;;;;;;;;;;;;
185;110;Le Mans;FR;0,558;0,529;68,6;39;42,4;25;72,1;20;;;;;;;;;;;;;;;;;
186;183;Kassel;DE;0,569;0,579;56,7;48;28,7;25;71,5;22;;;;;;;;;;;;;;;;;
187;415;Messina;IT;0,485;0,410;59,1;60;53,5;25;53,8;21;;;;;;;;;;;;;;;;;
188;108;Busto Arsizio;IT;0,453;0,464;67,5;20;29,3;25;71,8;10;;;;;;;;;;;;;;;;;
189;417;Bruges;BE;0,560;0,548;53,9;30;37,2;25;64,6;10;;;;;;;;;;;;;;;;;
190;96;Eindhoven;NL;0,505;0,529;77,4;54;24,3;25;81,0;28;;;;;;;;;;;;;;;;;
191;472;Ponta Delgada;PT;0,608;0,531;47,8;12;51,4;25;39,6;4;;;;;;;;;;;;;;;;;
192;625;Vigo;ES;0,556;0,522;53,7;61;38,8;25;54,8;17;;;;;;;;;;;;;;;;;
193;249;Mülheim an der Ruhr ;DE;0,607;0,600;66,0;45;35,2;25;67,2;19;;;;;;;;;;;;;;;;;
194;299;Saint-Nazaire;FR;0,625;0,552;50,4;24;51,8;25;54,6;10;;;;;;;;;;;;;;;;;
195;40;Katerini;EL;0,391;0,409;57,8;14;28,9;25;71,1;9;;;;;;;;;;;;;;;;;
196;199;Cottbus;DE;0,553;0,537;60,8;26;42,0;25;63,8;12;;;;;;;;;;;;;;;;;
197;311;Leicester (metropolitan area);UK;0,583;0,570;63,8;105;31,4;25;74,3;41;;;;;;;;;;;;;;;;;
198;477;Schwerin;DE;0,588;0,566;54,9;23;38,5;25;49,4;8;;;;;;;;;;;;;;;;;
199;28;Liepaja;LV;0,467;0,471;72,3;17;25,2;25;75,7;11;;;;;;;;;;;;;;;;;
200;193;Rotterdam;NL;0,498;0,526;68,8;238;21,5;25;77,0;111;;;;;;;;;;;;;;;;;
201;381;Lorient;FR;0,630;0,571;55,0;41;61,7;25;55,5;15;;;;;;;;;;;;;;;;;
202;23;Galati;RO;0,409;0,441;79,1;42;19,5;25;82,4;29;;;;;;;;;;;;;;;;;
203;161;Hartlepool;UK;0,540;0,528;61,9;19;32,0;25;66,0;10;;;;;;;;;;;;;;;;;
204;273;Enschede;NL;0,589;0,555;62,5;32;44,7;25;64,9;14;;;;;;;;;;;;;;;;;
205;31;Timisoara;RO;0,463;0,480;78,4;57;21,1;25;80,2;37;;;;;;;;;;;;;;;;;
206;230;Xanthi;EL;0,375;0,380;50,4;10;34,4;25;52,0;5;;;;;;;;;;;;;;;;;
207;204;Slupsk;PL;0,512;0,508;50,4;3;32,3;25;67,6;1;;;;;;;;;;;;;;;;;
208;366;Limoges;FR;0,638;0,572;60,8;46;61,2;25;58,1;18;;;;;;;;;;;;;;;;;
209;463;Córdoba;ES;0,356;0,337;66,8;66;51,1;25;63,6;23;;;;;;;;;;;;;;;;;
210;288;Biel/Bienne;CH;0,536;0,534;63,0;13;29,3;25;69,3;5;;;;;;;;;;;;;;;;;
211;62;Luton;UK;0,534;0,572;76,4;31;17,3;25;82,3;18;;;;;;;;;;;;;;;;;
212;532;Aachen;DE;0,616;0,581;54,9;50;43,9;25;56,7;16;;;;;;;;;;;;;;;;;
213;326;Hamburg;DE;0,607;0,605;56,9;372;32,9;25;66,4;149;;;;;;;;;;;;;;;;;
214;397;Wuppertal;DE;0,617;0,600;54,8;82;39,8;25;56,6;31;;;;;;;;;;;;;;;;;
215;505;Bradford;UK;0,607;0,566;51,9;94;43,7;25;57,1;31;;;;;;;;;;;;;;;;;
216;257;Lecce;IT;0,402;0,354;67,0;22;60,1;25;61,8;10;;;;;;;;;;;;;;;;;
217;411;Battipaglia;IT;0,410;0,371;62,2;11;40,6;25;61,1;4;;;;;;;;;;;;;;;;;
218;119;CA de la Vallée de Montmorency;FR;0,545;0,566;72,6;17;20,4;25;82,0;9;;;;;;;;;;;;;;;;;
219;85;Szolnok;HU;0,529;0,523;53,2;15;31,6;25;68,2;9;;;;;;;;;;;;;;;;;
220;496;Metz;FR;0,579;0,537;57,8;40;44,7;25;56,8;13;;;;;;;;;;;;;;;;;
221;245;Brescia;IT;0,477;0,465;65,0;44;33,8;25;65,0;20;;;;;;;;;;;;;;;;;
222;462;Wroclaw;PL;0,549;0,525;56,3;134;40,7;25;54,1;47;;;;;;;;;;;;;;;;;
223;243;Munich;DE;0,522;0,545;67,9;273;25,0;25;74,0;121;;;;;;;;;;;;;;;;;
224;221;Bayonne;FR;0,521;0,510;63,0;29;31,5;25;65,8;13;;;;;;;;;;;;;;;;;
225;156;Oradea;RO;0,507;0,468;68,9;33;38,1;25;69,8;17;;;;;;;;;;;;;;;;;
226;139;Târgoviște;RO;0,455;0,445;74,9;13;35,0;25;71,6;7;;;;;;;;;;;;;;;;;
227;280;Coventry;UK;0,561;0,563;63,9;56;28,8;25;71,2;24;;;;;;;;;;;;;;;;;
228;150;Mulhouse;FR;0,538;0,534;65,3;48;37,0;25;68,0;25;;;;;;;;;;;;;;;;;
229;685;Ulm;DE;0,587;0,569;46,5;25;46,2;25;44,1;7;;;;;;;;;;;;;;;;;
230;91;Kingston-upon-Hull;UK;0,498;0,534;63,1;47;18,7;25;79,1;27;;;;;;;;;;;;;;;;;
231;482;Hildesheim;DE;0,582;0,571;49,1;24;40,5;25;53,2;8;;;;;;;;;;;;;;;;;
232;534;Fulda;DE;0,575;0,539;45,8;15;50,0;25;53,9;5;;;;;;;;;;;;;;;;;
233;430;Heilbronn;DE;0,539;0,548;58,7;26;37,2;25;53,5;10;;;;;;;;;;;;;;;;;
234;259;Dundee City;UK;0,560;0,570;62,5;32;27,2;25;67,6;14;;;;;;;;;;;;;;;;;
235;125;Irakleio;EL;0,318;0,302;65,7;29;38,5;25;70,7;16;;;;;;;;;;;;;;;;;
236;176;Wloclawek;PL;0,479;0,452;46,4;2;42,6;25;59,6;1;;;;;;;;;;;;;;;;;
237;48;Plovdiv;BG;0,439;0,446;74,8;74;30,8;25;75,3;47;;;;;;;;;;;;;;;;;
238;52;Jelgava;LV;0,578;0,552;61,5;12;44,3;25;70,5;8;;;;;;;;;;;;;;;;;
239;126;Oslo;NO;0,528;0,526;55,3;105;27,4;25;76,4;57;;;;;;;;;;;;;;;;;
240;550;Middlesbrough;UK;0,540;0,535;61,3;27;33,3;25;57,7;9;;;;;;;;;;;;;;;;;
241;234;Ceské Budejovice;CZ;0,495;0,478;63,7;18;35,0;25;63,5;8;;;;;;;;;;;;;;;;;
242;83;Piotrków Trybunalski;PL;0,598;0,577;62,7;14;45,6;25;59,6;8;;;;;;;;;;;;;;;;;
243;364;Zaanstad;NL;0,542;0,525;57,7;27;33,2;25;61,4;11;;;;;;;;;;;;;;;;;
244;412;Aarhus;DK;0,625;0,587;61,8;56;45,5;25;62,3;22;;;;;;;;;;;;;;;;;
245;678;Torrelavega;ES;0,530;0,439;45,6;12;49,7;25;48,5;3;;;;;;;;;;;;;;;;;
246;441;Kalamata;EL;0,444;0,416;62,8;14;44,8;25;56,5;5;;;;;;;;;;;;;;;;;
247;297;Stralsund;DE;0,566;0,572;65,2;12;32,0;25;64,5;5;;;;;;;;;;;;;;;;;
248;78;Târgu Mures;RO;0,492;0,477;69,9;23;36,5;25;71,0;14;;;;;;;;;;;;;;;;;
249;115;Treviso;IT;0,503;0,506;74,2;19;42,9;25;69,6;10;;;;;;;;;;;;;;;;;
250;404;Southampton (metropolitan area);UK;0,569;0,565;64,0;70;31,0;25;72,8;28;;;;;;;;;;;;;;;;;
251;392;Brindisi;IT;0,380;0,370;74,0;18;52,0;25;62,8;7;;;;;;;;;;;;;;;;;
252;359;Communauté d'agglomération de Mantes-en-Yvelines;FR;0,602;0,540;69,2;13;45,4;25;69,3;6;;;;;;;;;;;;;;;;;
253;369;Plauen;DE;0,606;0,561;56,5;17;53,4;25;54,2;7;;;;;;;;;;;;;;;;;
254;79;Brașov;RO;0,495;0,453;68,7;43;41,9;25;68,5;25;;;;;;;;;;;;;;;;;
255;208;Arras;FR;0,586;0,566;65,3;16;43,7;25;67,0;8;;;;;;;;;;;;;;;;;
256;361;Rzeszów;PL;0,548;0,521;67,9;35;44,0;25;64,6;15;;;;;;;;;;;;;;;;;
257;395;Angers;FR;0,594;0,546;65,0;48;53,7;25;64,1;19;;;;;;;;;;;;;;;;;
258;425;Kaposvár;HU;0,591;0,576;67,5;13;41,6;25;57,2;5;;;;;;;;;;;;;;;;;
259;179;Warrington;UK;0,604;0,606;60,2;38;31,4;25;65,7;19;;;;;;;;;;;;;;;;;
260;389;Preston (metropolitan area);UK;0,649;0,584;55,0;49;45,1;25;60,3;20;;;;;;;;;;;;;;;;;
261;349;Pisa;IT;0,473;0,450;55,1;20;41,5;25;58,2;9;;;;;;;;;;;;;;;;;
262;211;Szeged;HU;0,535;0,534;63,3;35;35,4;25;62,5;17;;;;;;;;;;;;;;;;;
263;256;Toulouse;FR;0,509;0,520;76,5;112;34,1;25;76,9;52;;;;;;;;;;;;;;;;;
264;436;Annecy;FR;0,568;0,509;63,6;23;46,7;25;62,3;9;;;;;;;;;;;;;;;;;
265;192;Klagenfurt;AT;0,581;0,537;65,0;20;48,4;25;65,2;10;;;;;;;;;;;;;;;;;
266;356;Hannover;DE;0,547;0,554;56,1;109;28,2;25;63,7;46;;;;;;;;;;;;;;;;;
267;167;Norwich;UK;0,529;0,565;74,1;26;19,1;25;79,7;14;;;;;;;;;;;;;;;;;
268;408;Zürich (metropolitan area);CH;0,560;0,552;60,1;107;32,3;25;66,9;43;;;;;;;;;;;;;;;;;
269;585;Vilnius;LT;0,549;0,499;52,4;99;49,5;25;48,3;32;;;;;;;;;;;;;;;;;
270;149;Cluj-Napoca;RO;0,484;0,459;66,4;54;37,9;25;70,7;30;;;;;;;;;;;;;;;;;
271;330;Alessandria;IT;0,505;0,424;53,9;23;65,9;25;60,0;10;;;;;;;;;;;;;;;;;
272;285;Maastricht;NL;0,523;0,534;58,6;25;28,7;25;64,6;11;;;;;;;;;;;;;;;;;
273;344;Utrecht;NL;0,529;0,544;70,9;63;26,6;25;76,4;27;;;;;;;;;;;;;;;;;
274;486;Creil;FR;0,522;0,525;69,4;11;29,2;25;65,5;4;;;;;;;;;;;;;;;;;
275;203;Ełk;PL;0,457;0,453;65,0;10;30,7;25;63,4;5;;;;;;;;;;;;;;;;;
276;503;Porto (metropolitan area);PT;0,494;0,447;60,1;175;40,0;25;57,3;63;;;;;;;;;;;;;;;;;
277;124;Split;HR;0,441;0,412;68,4;33;37,7;25;59,0;19;;;;;;;;;;;;;;;;;
278;351;Milan (metropolitan area);IT;0,488;0,464;62,2;813;37,8;25;65,3;349;;;;;;;;;;;;;;;;;
279;521;CA de Sophia-Antipolis;FR;0,576;0,546;61,2;37;42,3;25;55,5;13;;;;;;;;;;;;;;;;;
280;452;Wiesbaden;DE;0,558;0,556;60,0;56;37,7;25;60,6;22;;;;;;;;;;;;;;;;;
281;181;Darlington;UK;0,592;0,572;49,3;21;35,7;25;63,4;11;;;;;;;;;;;;;;;;;
282;514;Dublin (metropolitan area);IE;0,616;0,571;58,8;174;43,5;25;64,3;63;;;;;;;;;;;;;;;;;
283;526;Halle;DE;0,545;0,519;51,3;52;37,5;25;50,2;18;;;;;;;;;;;;;;;;;
284;109;Oldenburg;DE;0,604;0,618;75,1;32;28,2;25;77,6;19;;;;;;;;;;;;;;;;;
285;248;Reims;FR;0,446;0,456;69,6;34;24,4;25;75,1;16;;;;;;;;;;;;;;;;;
286;308;Mönchengladbach;DE;0,580;0,568;58,3;55;39,9;25;59,5;25;;;;;;;;;;;;;;;;;
287;442;Essen;DE;0,598;0,585;58,6;128;35,0;25;60,0;50;;;;;;;;;;;;;;;;;
288;662;Potsdam;DE;0,591;0,565;58,4;35;43,0;25;49,1;10;;;;;;;;;;;;;;;;;
289;551;Varese;IT;0,615;0,559;57,7;18;43,8;25;59,3;6;;;;;;;;;;;;;;;;;
290;86;Peterborough;UK;0,585;0,580;60,6;31;32,7;25;73,7;19;;;;;;;;;;;;;;;;;
291;365;Bistrița;RO;0,557;0,507;58,5;10;50,5;25;58,4;4;;;;;;;;;;;;;;;;;
292;264;East Staffordshire;UK;0,627;0,606;51,2;23;41,1;25;58,9;11;;;;;;;;;;;;;;;;;
293;375;Manchester (metropolitan area);UK;0,585;0,562;57,9;465;34,7;25;64,3;198;;;;;;;;;;;;;;;;;
294;346;Sassuolo;IT;0,506;0,463;50,1;9;46,3;25;68,7;4;;;;;;;;;;;;;;;;;
295;74;Siauliai ;LT;0,528;0,526;72,3;19;32,0;25;67,2;12;;;;;;;;;;;;;;;;;
296;612;Lugo;ES;0,644;0,517;42,6;22;70,8;25;47,7;7;;;;;;;;;;;;;;;;;
297;118;Călărași;RO;0,422;0,420;76,3;61;27,7;25;75,5;36;;;;;;;;;;;;;;;;;
298;667;Chemnitz;DE;0,609;0,574;49,1;59;45,4;25;45,2;17;;;;;;;;;;;;;;;;;
299;569;Leipzig;DE;0,547;0,521;52,7;106;38,6;25;53,8;37;;;;;;;;;;;;;;;;;
300;388;Cologne;DE;0,547;0,551;55,7;192;30,3;25;60,8;82;;;;;;;;;;;;;;;;;
301;214;Lisbon (metropolitan area);PT;0,380;0,347;72,1;355;35,0;25;70,4;185;;;;;;;;;;;;;;;;;
302;373;Zadar;HR;0,469;0,407;54,6;14;44,1;25;62,0;6;;;;;;;;;;;;;;;;;
303;100;Medway;UK;0,567;0,577;66,3;42;27,7;25;73,5;26;;;;;;;;;;;;;;;;;
304;196;Fuengirola;ES;0,272;0,291;63,1;11;25,2;25;78,2;6;;;;;;;;;;;;;;;;;
305;316;Flensburg;DE;0,603;0,601;51,1;17;31,4;25;64,5;8;;;;;;;;;;;;;;;;;
306;194;Dijon;FR;0,484;0,482;71,5;42;34,3;25;75,1;22;;;;;;;;;;;;;;;;;
307;250;Cork;IE;0,538;0,571;67,6;15;19,7;25;78,7;7;;;;;;;;;;;;;;;;;
308;51;Székesfehérvár;HU;0,520;0,518;52,8;18;29,7;25;70,5;12;;;;;;;;;;;;;;;;;
309;476;Cremona;IT;0,495;0,458;55,4;14;47,8;25;57,0;5;;;;;;;;;;;;;;;;;
310;480;Osnabrück;DE;0,607;0,600;51,8;31;37,6;25;56,6;12;;;;;;;;;;;;;;;;;
311;595;Saint-Étienne;FR;0,581;0,515;52,5;71;57,3;25;54,1;24;;;;;;;;;;;;;;;;;
312;198;Trikala;EL;0,467;0,444;52,1;16;42,0;25;53,9;8;;;;;;;;;;;;;;;;;
313;464;Glasgow (metropolitan area);UK;0,580;0,561;55,3;159;33,6;25;61,4;63;;;;;;;;;;;;;;;;;
314;435;Bratislava;SK;0,514;0,506;61,2;68;32,9;25;63,3;28;;;;;;;;;;;;;;;;;
315;808;Kuopio;FI;0,542;0,504;49,9;22;54,8;25;43,1;4;;;;;;;;;;;;;;;;;
316;71;Swindon;UK;0,586;0,593;68,7;35;27,2;25;78,0;23;;;;;;;;;;;;;;;;;
317;342;Vidin;BG;0,496;0,488;62,7;7;35,1;25;68,4;3;;;;;;;;;;;;;;;;;
318;384;Edinburgh;UK;0,570;0,558;61,7;80;31,8;25;70,1;35;;;;;;;;;;;;;;;;;
319;577;Szczecin;PL;0,563;0,520;49,4;75;42,2;25;48,3;26;;;;;;;;;;;;;;;;;
320;647;Deventer;NL;0,622;0,588;53,3;17;47,0;25;55,0;5;;;;;;;;;;;;;;;;;
321;313;Bagheria;IT;0,379;0,309;59,8;9;54,7;25;67,0;4;;;;;;;;;;;;;;;;;
322;492;Versailles;FR;0,598;0,573;65,8;26;38,5;25;60,7;10;;;;;;;;;;;;;;;;;
323;175;Assen;NL;0,604;0,606;63,4;12;35,1;25;73,6;7;;;;;;;;;;;;;;;;;
324;778;Ústí nad Labem;CZ;0,624;0,577;47,5;15;48,1;25;41,6;4;;;;;;;;;;;;;;;;;
325;279;Lübeck;DE;0,596;0,562;47,9;47;38,1;25;56,7;23;;;;;;;;;;;;;;;;;
326;447;Bayreuth;DE;0,584;0,553;51,8;15;47,6;25;56,5;6;;;;;;;;;;;;;;;;;
327;20;Sanlúcar de Barrameda;ES;0,289;0,308;65,3;10;25,6;25;70,3;8;;;;;;;;;;;;;;;;;
328;323;Tyneside conurbation;UK;0,579;0,562;59,2;150;32,1;25;65,6;71;;;;;;;;;;;;;;;;;
329;268;Augsburg;DE;0,514;0,507;59,2;55;30,1;25;67,4;28;;;;;;;;;;;;;;;;;
330;302;Aschaffenburg;DE;0,543;0,519;48,3;14;36,2;25;66,0;7;;;;;;;;;;;;;;;;;
331;686;Örebro;SE;0,609;0,523;54,2;27;71,2;25;50,8;8;;;;;;;;;;;;;;;;;
332;407;Duisburg;DE;0,569;0,569;52,1;101;30,6;25;59,0;44;;;;;;;;;;;;;;;;;
333;238;Kecskemét;HU;0,526;0,519;63,2;21;47,8;25;62,3;11;;;;;;;;;;;;;;;;;
334;576;Zwickau;DE;0,579;0,539;52,2;22;44,3;25;53,2;8;;;;;;;;;;;;;;;;;
335;842;Göteborg;SE;0,575;0,513;44,4;95;48,5;25;33,1;14;;;;;;;;;;;;;;;;;
336;225;Zielona Góra;PL;0,534;0,509;57,7;3;36,5;25;60,7;2;;;;;;;;;;;;;;;;;
337;293;Nijmegen;NL;0,533;0,549;67,7;26;24,3;25;76,0;13;;;;;;;;;;;;;;;;;
338;470;Frankfurt;DE;0,518;0,516;56,2;116;31,8;25;58,4;47;;;;;;;;;;;;;;;;;
339;339;Oberhausen;DE;0,576;0,572;57,7;43;29,7;25;59,0;20;;;;;;;;;;;;;;;;;
340;338;Nottingham (metropolitan area);UK;0,632;0,584;65,0;119;42,9;25;68,4;56;;;;;;;;;;;;;;;;;
341;266;Chomutov - Jirkov;CZ;0,576;0,547;54,8;11;36,5;25;61,8;5;;;;;;;;;;;;;;;;;
342;394;Reading (metropolitan area);UK;0,644;0,612;65,2;46;42,0;25;68,8;20;;;;;;;;;;;;;;;;;
343;483;Witten;DE;0,642;0,589;46,3;21;47,6;25;50,0;8;;;;;;;;;;;;;;;;;
344;331;Gelsenkirchen;DE;0,574;0,572;54,9;53;31,1;25;58,1;25;;;;;;;;;;;;;;;;;
345;178;Pitești;RO;0,489;0,474;69,9;22;32,2;25;68,2;13;;;;;;;;;;;;;;;;;
346;431;Brive-la-Gaillarde;FR;0,662;0,587;52,5;16;67,0;25;53,6;7;;;;;;;;;;;;;;;;;
347;54;Cagliari;IT;0,260;0,286;78,9;28;19,5;25;83,3;20;;;;;;;;;;;;;;;;;
348;301;Orléans;FR;0,530;0,519;71,0;42;38,9;25;72,1;21;;;;;;;;;;;;;;;;;
349;128;Eger;HU;0,525;0,513;60,8;11;46,9;25;68,4;7;;;;;;;;;;;;;;;;;
350;641;Besançon;FR;0,639;0,570;51,1;28;54,1;25;49,4;9;;;;;;;;;;;;;;;;;
351;687;Saarbrücken;DE;0,596;0,552;46,2;36;41,8;25;48,5;11;;;;;;;;;;;;;;;;;
352;456;Heidelberg;DE;0,578;0,546;70,5;26;40,0;25;58,4;11;;;;;;;;;;;;;;;;;
353;537;Póvoa de Varzim;PT;0,487;0,409;52,1;10;54,0;25;47,0;4;;;;;;;;;;;;;;;;;
354;543;Liberec;CZ;0,598;0,559;59,1;17;46,4;25;56,8;7;;;;;;;;;;;;;;;;;
355;172;Salamanca;ES;0,298;0,305;59,2;33;28,8;25;68,2;19;;;;;;;;;;;;;;;;;
356;212;York;UK;0,614;0,606;62,7;35;36,0;25;65,3;19;;;;;;;;;;;;;;;;;
357;291;Amersfoort;NL;0,549;0,552;75,0;22;27,8;25;77,2;11;;;;;;;;;;;;;;;;;
358;281;Ludwigshafen am Rhein;DE;0,463;0,479;62,6;29;28,9;25;62,3;15;;;;;;;;;;;;;;;;;
359;720;Luxembourg;LU;0,521;0,490;50,8;14;35,6;25;53,9;4;;;;;;;;;;;;;;;;;
360;168;Châlons-en-Champagne;FR;0,526;0,510;70,6;10;37,1;25;72,6;6;;;;;;;;;;;;;;;;;
361;107;Piacenza;IT;0,457;0,427;62,9;25;51,1;25;74,7;16;;;;;;;;;;;;;;;;;
362;145;Communauté d'Agglomération Val de Seine;FR;0,542;0,548;69,3;11;24,5;25;76,0;7;;;;;;;;;;;;;;;;;
363;615;Görlitz;DE;0,614;0,562;37,5;13;46,0;25;44,5;5;;;;;;;;;;;;;;;;;
364;481;Lausanne (metropolitan area);CH;0,570;0,543;60,7;34;37,1;25;64,4;14;;;;;;;;;;;;;;;;;
365;8;Pazardzhik;BG;0,392;0,409;76,4;7;21,6;25;79,1;7;;;;;;;;;;;;;;;;;
366;485;Zagreb;HR;0,597;0,526;52,7;143;53,8;25;46,9;58;;;;;;;;;;;;;;;;;
367;328;Elbląg;PL;0,530;0,496;39,0;1;42,9;25;56,2;1;;;;;;;;;;;;;;;;;
368;742;Fürth;DE;0,527;0,512;49,4;21;40,7;25;38,9;6;;;;;;;;;;;;;;;;;
369;500;Patras;EL;0,386;0,359;60,1;31;38,8;25;58,0;12;;;;;;;;;;;;;;;;;
370;106;Békéscsaba;HU;0,539;0,527;61,5;10;43,9;25;66,4;7;;;;;;;;;;;;;;;;;
371;465;Strasbourg;FR;0,490;0,492;64,1;70;33,8;25;63,8;29;;;;;;;;;;;;;;;;;
372;332;Gyõr;HU;0,535;0,514;53,8;22;42,1;25;57,1;11;;;;;;;;;;;;;;;;;
373;296;Tarbes;FR;0,536;0,513;63,8;15;46,9;25;63,2;8;;;;;;;;;;;;;;;;;
374;696;Ostrava;CZ;0,601;0,550;45,2;49;44,4;25;45,9;15;;;;;;;;;;;;;;;;;
375;468;Courtrai;BE;0,542;0,533;55,6;13;41,8;25;57,4;5;;;;;;;;;;;;;;;;;
376;516;Slavonski Brod;HR;0,579;0,554;49,7;11;44,0;25;48,1;5;;;;;;;;;;;;;;;;;
377;157;Chania;EL;0,327;0,307;59,3;10;30,9;25;71,2;6;;;;;;;;;;;;;;;;;
378;360;Reutlingen;DE;0,592;0,589;56,3;20;38,7;25;57,4;9;;;;;;;;;;;;;;;;;
379;460;Darmstadt;DE;0,530;0,520;50,7;27;34,6;25;56,3;11;;;;;;;;;;;;;;;;;
380;321;Apeldoorn;NL;0,621;0,576;62,2;26;47,4;25;64,9;13;;;;;;;;;;;;;;;;;
381;508;Mainz;DE;0,501;0,520;66,2;36;29,7;25;60,8;15;;;;;;;;;;;;;;;;;
382;512;Villingen-Schwenningen;DE;0,576;0,536;51,2;16;45,9;25;50,5;6;;;;;;;;;;;;;;;;;
383;92;Seville (metropolitan area);ES;0,278;0,274;75,8;129;28,6;25;78,8;87;;;;;;;;;;;;;;;;;
384;610;Landshut;DE;0,575;0,551;54,7;13;45,1;25;55,8;5;;;;;;;;;;;;;;;;;
385;445;Solingen;DE;0,630;0,595;55,4;31;42,9;25;59,6;14;;;;;;;;;;;;;;;;;
386;560;Pforzheim;DE;0,611;0,578;45,6;23;43,4;25;49,3;9;;;;;;;;;;;;;;;;;
387;73;Buzău;RO;0,399;0,407;75,7;17;25,9;25;75,3;12;;;;;;;;;;;;;;;;;
388;552;Plzen;CZ;0,549;0,501;47,2;30;46,3;25;48,0;11;;;;;;;;;;;;;;;;;
389;572;Kaiserslautern;DE;0,580;0,530;45,3;19;45,3;25;42,9;7;;;;;;;;;;;;;;;;;
390;739;Norrköping;SE;0,617;0,570;54,0;23;64,9;25;46,1;7;;;;;;;;;;;;;;;;;
391;405;Almelo;NL;0,590;0,569;56,6;12;38,0;25;63,9;6;;;;;;;;;;;;;;;;;
392;393;Giurgiu;RO;0,460;0,444;61,6;11;32,9;25;62,7;5;;;;;;;;;;;;;;;;;
393;399;Offenbach am Main;DE;0,511;0,492;57,5;19;33,9;25;57,4;9;;;;;;;;;;;;;;;;;
394;613;Erlangen;DE;0,550;0,542;51,1;20;37,0;25;51,3;7;;;;;;;;;;;;;;;;;
395;186;Veenendaal;NL;0,533;0,549;64,7;9;23,1;25;74,2;5;;;;;;;;;;;;;;;;;
396;603;Rostock;DE;0,583;0,556;47,7;37;41,2;25;48,0;13;;;;;;;;;;;;;;;;;
397;658;Girona;ES;0,421;0,372;58,8;15;45,1;25;51,2;5;;;;;;;;;;;;;;;;;
398;357;Watford;UK;0,547;0,563;62,4;14;21,7;25;75,3;7;;;;;;;;;;;;;;;;;
399;459;Padua;IT;0,461;0,450;57,2;41;40,1;25;56,5;18;;;;;;;;;;;;;;;;;
400;581;Pesaro;IT;0,527;0,442;52,6;19;56,8;25;55,4;7;;;;;;;;;;;;;;;;;
401;202;Toulon;FR;0,450;0,430;61,9;79;37,1;25;65,5;46;;;;;;;;;;;;;;;;;
402;657;Lüneburg;DE;0,592;0,577;53,3;13;40,1;25;49,0;4;;;;;;;;;;;;;;;;;
403;174;Siedlce;PL;0,513;0,499;56,0;3;36,8;25;65,4;2;;;;;;;;;;;;;;;;;
404;584;Salzburg;AT;0,577;0,541;59,0;23;37,2;25;59,4;9;;;;;;;;;;;;;;;;;
405;233;Osijek;HR;0,515;0,484;52,6;19;44,1;25;50,7;11;;;;;;;;;;;;;;;;;
406;575;Stavanger;NO;0,563;0,551;63,4;17;33,3;25;67,3;6;;;;;;;;;;;;;;;;;
407;90;Purmerend;NL;0,544;0,552;74,4;11;23,8;25;79,9;8;;;;;;;;;;;;;;;;;
408;617;Prato;IT;0,458;0,428;53,8;35;44,0;25;51,8;13;;;;;;;;;;;;;;;;;
409;736;Avilés;ES;0,554;0,469;47,7;16;46,2;25;53,6;5;;;;;;;;;;;;;;;;;
410;649;Hyndburn;UK;0,609;0,555;47,5;13;45,2;25;42,3;4;;;;;;;;;;;;;;;;;
411;440;Helmond;NL;0,544;0,538;62,8;14;35,5;25;61,8;6;;;;;;;;;;;;;;;;;
412;451;Nîmes;FR;0,491;0,461;54,4;40;45,1;25;56,3;18;;;;;;;;;;;;;;;;;
413;608;Avellino;IT;0,601;0,484;50,4;10;53,8;25;53,2;4;;;;;;;;;;;;;;;;;
414;522;Chambéry;FR;0,653;0,581;52,7;20;58,1;25;54,3;8;;;;;;;;;;;;;;;;;
415;506;Leeds;UK;0,616;0,579;51,1;113;41,9;25;59,6;47;;;;;;;;;;;;;;;;;
416;604;Leuven;BE;0,571;0,560;55,3;15;37,1;25;53,5;6;;;;;;;;;;;;;;;;;
417;155;Ipswich;UK;0,540;0,557;72,2;25;20,5;25;80,0;16;;;;;;;;;;;;;;;;;
418;307;Carlisle;UK;0,641;0,608;54,7;20;46,6;25;59,9;11;;;;;;;;;;;;;;;;;
419;588;Middelburg;NL;0,541;0,534;47,9;16;37,7;25;58,8;6;;;;;;;;;;;;;;;;;
420;535;Freiburg im Breisgau;DE;0,589;0,571;59,2;35;39,1;25;55,9;14;;;;;;;;;;;;;;;;;
421;151;Stara Zagora;BG;0,483;0,450;58,6;14;42,5;25;64,2;9;;;;;;;;;;;;;;;;;
422;315;Breda;NL;0,565;0,547;60,2;28;40,2;25;65,0;15;;;;;;;;;;;;;;;;;
423;475;Swansea;UK;0,633;0,591;50,0;41;46,5;25;56,5;18;;;;;;;;;;;;;;;;;
424;197;Udine;IT;0,493;0,475;59,3;20;37,4;25;65,7;12;;;;;;;;;;;;;;;;;
425;242;Slough;UK;0,504;0,537;68,4;17;19,9;25;78,1;10;;;;;;;;;;;;;;;;;
426;449;Lincoln;UK;0,591;0,600;56,7;17;26,6;25;66,6;8;;;;;;;;;;;;;;;;;
427;765;Badajoz;ES;0,364;0,338;68,8;21;56,3;25;50,1;6;;;;;;;;;;;;;;;;;
428;787;Sagunto;ES;0,359;0,278;53,0;11;58,4;25;41,3;3;;;;;;;;;;;;;;;;;
429;762;Castellón de la Plana;ES;0,350;0,292;64,0;28;48,8;25;43,3;8;;;;;;;;;;;;;;;;;
430;455;Hanau;DE;0,528;0,509;54,1;15;33,4;25;60,1;7;;;;;;;;;;;;;;;;;
431;629;Sintra;PT;0,462;0,382;67,9;54;54,1;25;53,3;20;;;;;;;;;;;;;;;;;
432;235;San Fernando;ES;0,248;0,258;69,9;12;26,2;25;73,2;7;;;;;;;;;;;;;;;;;
433;489;Sheffield;UK;0,608;0,592;52,4;84;34,0;25;62,3;37;;;;;;;;;;;;;;;;;
434;724;Esslingen;DE;0,585;0,555;53,6;16;42,6;25;44,7;5;;;;;;;;;;;;;;;;;
435;439;Verona;IT;0,505;0,430;53,7;46;48,2;25;59,1;21;;;;;;;;;;;;;;;;;
436;637;Hagen;DE;0,613;0,571;47,2;36;46,0;25;47,9;13;;;;;;;;;;;;;;;;;
437;207;Nyíregyháza;HU;0,520;0,499;59,1;19;53,7;25;57,5;11;;;;;;;;;;;;;;;;;
438;509;Regensburg;DE;0,517;0,503;53,9;24;34,1;25;64,6;10;;;;;;;;;;;;;;;;;
439;232;Halton;UK;0,566;0,578;57,9;19;27,1;25;65,2;11;;;;;;;;;;;;;;;;;
440;420;Soest;NL;0,618;0,595;62,8;10;41,5;25;59,3;5;;;;;;;;;;;;;;;;;
441;467;Waterford;IE;0,578;0,580;50,9;6;36,2;25;66,0;2;;;;;;;;;;;;;;;;;
442;601;Irun;ES;0,566;0,514;60,7;9;46,1;25;63,8;3;;;;;;;;;;;;;;;;;
443;116;Panevežys;LT;0,508;0,508;72,3;18;28,5;25;72,6;12;;;;;;;;;;;;;;;;;
444;673;Sassari;IT;0,480;0,397;56,6;20;61,1;25;45,9;7;;;;;;;;;;;;;;;;;
445;587;Groningen;NL;0,565;0,545;51,9;25;33,0;25;66,3;10;;;;;;;;;;;;;;;;;
446;239;Shumen;BG;0,503;0,472;60,1;9;38,7;25;53,7;5;;;;;;;;;;;;;;;;;
447;713;Würzburg;DE;0,555;0,526;47,9;23;40,4;25;50,7;7;;;;;;;;;;;;;;;;;
448;402;Kempten (Allgäu);DE;0,587;0,540;55,3;12;41,1;25;62,1;6;;;;;;;;;;;;;;;;;
449;784;Jönköping;SE;0,647;0,571;38,6;23;65,9;25;41,4;6;;;;;;;;;;;;;;;;;
450;327;Bocholt;DE;0,591;0,558;55,3;12;52,8;25;59,0;6;;;;;;;;;;;;;;;;;
451;317;Communauté d'Agglomération Europ'Essonne;FR;0,529;0,531;67,2;16;31,0;25;66,4;9;;;;;;;;;;;;;;;;;
452;698;Remscheid;DE;0,628;0,568;40,1;21;47,5;25;41,6;7;;;;;;;;;;;;;;;;;
453;216;Pau;FR;0,584;0,554;66,3;26;48,1;25;67,7;16;;;;;;;;;;;;;;;;;
454;631;León;ES;0,372;0,345;55,5;26;36,1;25;54,2;9;;;;;;;;;;;;;;;;;
455;112;Yambol;BG;0,431;0,432;68,0;12;29,3;25;62,4;9;;;;;;;;;;;;;;;;;
456;478;Rennes;FR;0,614;0,572;58,4;53;55,4;25;61,7;24;;;;;;;;;;;;;;;;;
457;201;Las Palmas;ES;0,258;0,225;72,7;50;48,0;25;64,8;31;;;;;;;;;;;;;;;;;
458;507;Bochum;DE;0,598;0,584;51,6;67;33,2;25;58,6;29;;;;;;;;;;;;;;;;;
459;655;Amiens;FR;0,582;0,530;56,8;24;46,8;25;54,9;9;;;;;;;;;;;;;;;;;
460;690;Charleville-Mézières;FR;0,600;0,543;49,6;10;46,7;25;44,8;3;;;;;;;;;;;;;;;;;
461;471;Caserta;IT;0,482;0,415;55,2;11;44,0;25;54,7;5;;;;;;;;;;;;;;;;;
462;708;Helsingborg;SE;0,621;0,545;45,0;21;58,1;25;53,9;7;;;;;;;;;;;;;;;;;
463;173;Pernik;BG;0,517;0,487;53,1;13;41,9;25;59,5;8;;;;;;;;;;;;;;;;;
464;499;Burnley;UK;0,607;0,553;54,6;13;43,3;25;56,6;6;;;;;;;;;;;;;;;;;
465;414;Gravesham;UK;0,621;0,528;63,5;14;51,0;25;67,7;7;;;;;;;;;;;;;;;;;
466;258;Novara;IT;0,419;0,423;58,2;20;38,7;25;63,3;11;;;;;;;;;;;;;;;;;
467;461;Slatina;RO;0,512;0,503;62,2;8;39,2;25;59,5;4;;;;;;;;;;;;;;;;;
468;502;Dortmund;DE;0,614;0,597;47,2;102;37,0;25;53,9;46;;;;;;;;;;;;;;;;;
469;292;Bonn;DE;0,578;0,580;66,3;49;28,9;25;69,4;27;;;;;;;;;;;;;;;;;
470;63;Gloucester;UK;0,549;0,571;60,8;20;18,9;25;83,9;15;;;;;;;;;;;;;;;;;
471;218;Roman;RO;0,443;0,457;69,3;6;30,2;25;69,2;4;;;;;;;;;;;;;;;;;
472;141;Béziers;FR;0,407;0,393;64,5;18;48,9;25;60,5;13;;;;;;;;;;;;;;;;;
473;773;Namur;BE;0,658;0,610;39,2;17;51,2;25;38,4;5;;;;;;;;;;;;;;;;;
474;828;Lahti;FI;0,529;0,501;52,5;20;43,6;25;32,4;4;;;;;;;;;;;;;;;;;
475;578;Dresden;DE;0,574;0,538;55,7;91;39,9;25;53,3;37;;;;;;;;;;;;;;;;;
476;153;Ruse;BG;0,476;0,436;60,2;19;36,0;25;64,1;13;;;;;;;;;;;;;;;;;
477;606;Sindelfingen;DE;0,575;0,560;51,0;10;37,3;25;53,2;4;;;;;;;;;;;;;;;;;
478;94;Narva;EE;0,479;0,470;73,2;9;17,4;25;76,1;7;;;;;;;;;;;;;;;;;
479;513;Nowy Sacz;PL;0,584;0,528;51,4;11;48,1;25;51,8;5;;;;;;;;;;;;;;;;;
480;832;Pontevedra;ES;0,637;0,560;28,5;12;58,3;25;30,9;2;;;;;;;;;;;;;;;;;
481;760;Tarragona;ES;0,351;0,322;57,9;18;42,3;25;46,8;6;;;;;;;;;;;;;;;;;
482;88;Satu Mare;RO;0,520;0,493;62,8;12;46,0;25;63,7;9;;;;;;;;;;;;;;;;;
483;390;Rimini;IT;0,471;0,409;56,3;25;52,4;25;63,9;13;;;;;;;;;;;;;;;;;
484;219;Trnava;SK;0,486;0,469;61,1;8;34,9;25;69,2;5;;;;;;;;;;;;;;;;;
485;226;Chiclana de la Frontera;ES;0,392;0,384;43,4;9;30,7;25;67,4;6;;;;;;;;;;;;;;;;;
486;422;Piła;PL;0,491;0,466;55,0;10;35,3;25;56,7;5;;;;;;;;;;;;;;;;;
487;497;Göttingen;DE;0,582;0,564;55,9;19;39,8;25;55,2;9;;;;;;;;;;;;;;;;;
488;446;Poznan;PL;0,509;0,489;55,3;84;36,6;25;58,4;41;;;;;;;;;;;;;;;;;
489;206;Compiègne;FR;0,590;0,539;63,6;9;47,4;25;62,8;6;;;;;;;;;;;;;;;;;
490;458;Ingolstadt;DE;0,559;0,533;52,3;20;38,9;25;57,3;10;;;;;;;;;;;;;;;;;
491;378;Chartres;FR;0,621;0,560;55,6;16;53,7;25;54,0;8;;;;;;;;;;;;;;;;;
492;663;Västerås;SE;0,571;0,526;55,3;23;57,7;25;51,5;8;;;;;;;;;;;;;;;;;
493;336;Avignon;FR;0,479;0,446;57,1;27;40,5;25;59,1;15;;;;;;;;;;;;;;;;;
494;310;CA des Lacs de l'Essonne;FR;0,468;0,501;79,8;6;16,4;25;78,9;3;;;;;;;;;;;;;;;;;
495;314;Warsaw;PL;0,491;0,468;62,6;271;35,8;25;62,9;154;;;;;;;;;;;;;;;;;
496;144;Colmar;FR;0,499;0,491;64,9;14;36,2;25;66,0;10;;;;;;;;;;;;;;;;;
497;511;Logroño;ES;0,376;0,368;62,2;23;39,5;25;61,0;11;;;;;;;;;;;;;;;;;
498;312;Botoșani;RO;0,451;0,455;75,2;12;36,5;25;73,5;7;;;;;;;;;;;;;;;;;
499;557;Ludwigsburg;DE;0,545;0,547;51,7;14;33,9;25;54,4;6;;;;;;;;;;;;;;;;;
500;593;Gera;DE;0,617;0,539;44,4;18;56,8;25;46,4;8;;;;;;;;;;;;;;;;;
501;701;San Sebastián;ES;0,559;0,499;43,3;29;44,5;25;48,4;10;;;;;;;;;;;;;;;;;
502;253;Bacău;RO;0,413;0,421;67,7;16;25,0;25;67,2;10;;;;;;;;;;;;;;;;;
503;283;Kettering;UK;0,608;0,577;53,6;14;40,4;25;59,8;8;;;;;;;;;;;;;;;;;
504;517;Northampton;UK;0,573;0,574;57,5;29;27,3;25;65,9;13;;;;;;;;;;;;;;;;;
505;591;Odense;DK;0,624;0,574;50,2;29;49,0;25;50,6;12;;;;;;;;;;;;;;;;;
506;413;Málaga;ES;0,280;0,258;62,3;75;45,4;25;61,7;39;;;;;;;;;;;;;;;;;
507;353;Caen;FR;0,576;0,563;64,2;29;37,1;25;67,2;16;;;;;;;;;;;;;;;;;
508;488;Tarnów;PL;0,564;0,552;45,7;4;36,7;25;54,4;2;;;;;;;;;;;;;;;;;
509;377;Rijeka;HR;0,526;0,476;52,3;21;41,0;25;55,1;11;;;;;;;;;;;;;;;;;
510;398;Trani;IT;0,332;0,294;57,6;7;51,0;25;74,1;4;;;;;;;;;;;;;;;;;
511;469;Stargard;PL;0,552;0,519;55,3;8;42,9;25;52,6;4;;;;;;;;;;;;;;;;;
512;437;Valenciennes;FR;0,602;0,558;50,3;24;47,3;25;50,7;12;;;;;;;;;;;;;;;;;
513;222;Granada (metropolitan area);ES;0,303;0,272;72,9;54;41,9;25;69,4;35;;;;;;;;;;;;;;;;;
514;406;Ioannina;EL;0,373;0,375;64,2;12;26,5;25;72,6;6;;;;;;;;;;;;;;;;;
515;596;Karlsruhe;DE;0,556;0,538;54,1;47;36,7;25;56,8;20;;;;;;;;;;;;;;;;;
516;564;Târgu Jiu;RO;0,532;0,473;50,4;9;50,7;25;52,5;4;;;;;;;;;;;;;;;;;
517;41;Communauté de Communes de la Boucle de la Seine;FR;0,480;0,495;73,4;19;12,8;25;88,5;17;;;;;;;;;;;;;;;;;
518;68;Valletta;MT;0,243;0,247;75,0;24;25,2;25;76,2;20;;;;;;;;;;;;;;;;;
519;544;Giessen;DE;0,566;0,549;53,0;12;37,4;25;57,4;5;;;;;;;;;;;;;;;;;
520;409;Czestochowa;PL;0,592;0,558;51,1;34;44,9;25;50,6;18;;;;;;;;;;;;;;;;;
521;816;Helsinki (metropolitan area);FI;0,516;0,470;55,3;128;43,1;25;45,2;31;;;;;;;;;;;;;;;;;
522;766;Inverclyde (Greenock);UK;0,590;0,575;54,2;11;41,3;25;46,5;3;;;;;;;;;;;;;;;;;
523;49;Tulcea;RO;0,383;0,374;70,1;8;32,4;25;77,4;7;;;;;;;;;;;;;;;;;
524;421;Alcalá de Guadaíra;ES;0,304;0,279;53,2;8;46,6;25;59,1;4;;;;;;;;;;;;;;;;;
525;391;Paderborn;DE;0,586;0,576;61,0;20;38,9;25;59,8;11;;;;;;;;;;;;;;;;;
526;594;Pavia;IT;0,507;0,464;48,7;12;53,8;25;50,6;5;;;;;;;;;;;;;;;;;
527;325;Ede;NL;0,640;0,591;59,8;20;53,4;25;56,5;11;;;;;;;;;;;;;;;;;
528;573;Collado Villalba;ES;0,380;0,390;54,5;7;33,0;25;65,0;3;;;;;;;;;;;;;;;;;
529;622;Offenburg;DE;0,570;0,555;50,3;10;45,7;25;40,1;4;;;;;;;;;;;;;;;;;
530;432;Stalowa Wola;PL;0,588;0,553;50,0;8;48,6;25;48,6;4;;;;;;;;;;;;;;;;;
531;683;Neubrandenburg;DE;0,543;0,506;49,1;10;38,3;25;44,6;4;;;;;;;;;;;;;;;;;
532;660;Siegen;DE;0,626;0,570;42,8;15;48,3;25;44,9;6;;;;;;;;;;;;;;;;;
533;223;Herne;DE;0,564;0,563;56,3;25;26,6;25;66,5;17;;;;;;;;;;;;;;;;;
534;600;Gdynia;PL;0,538;0,495;47,1;36;44,6;25;47,6;15;;;;;;;;;;;;;;;;;
535;805;Ourense;ES;0,566;0,456;42,9;19;59,1;25;40,2;5;;;;;;;;;;;;;;;;;
536;428;"Piatra Neamț
";RO;0,491;0,442;56,0;10;43,5;25;56,1;6;;;;;;;;;;;;;;;;;
537;729;Koszalin;PL;0,561;0,513;51,0;14;46,4;25;44,5;5;;;;;;;;;;;;;;;;;
538;396;Madrid (metropolitan area);ES;0,322;0,320;66,6;620;27,0;25;69,7;349;;;;;;;;;;;;;;;;;
539;416;Châteauroux;FR;0,599;0,555;52,8;11;59,0;25;53,8;6;;;;;;;;;;;;;;;;;
540;632;Meaux;FR;0,581;0,540;55,5;8;47,9;25;53,1;3;;;;;;;;;;;;;;;;;
541;424;Hastings;UK;0,582;0,574;59,3;15;30,2;25;72,8;8;;;;;;;;;;;;;;;;;
542;674;Stuttgart;DE;0,565;0,541;47,8;81;37,1;25;50,8;32;;;;;;;;;;;;;;;;;
543;746;Erfurt;DE;0,542;0,492;44,4;31;47,5;25;42,4;11;;;;;;;;;;;;;;;;;
544;703;Braunschweig;DE;0,575;0,538;41,5;39;40,4;25;46,1;15;;;;;;;;;;;;;;;;;
545;382;Roosendaal;NL;0,567;0,549;61,9;10;48,9;25;66,7;6;;;;;;;;;;;;;;;;;
546;571;Parma;IT;0,535;0,459;53,3;29;61,7;25;58,3;13;;;;;;;;;;;;;;;;;
547;162;Limassol;CY;0,255;0,249;73,2;21;41,4;25;71,6;16;;;;;;;;;;;;;;;;;
548;251;Tczew;PL;0,509;0,498;61,5;7;31,3;25;64,1;5;;;;;;;;;;;;;;;;;
549;670;Dessau-Roßlau;DE;0,574;0,534;47,3;17;46,3;25;43,7;7;;;;;;;;;;;;;;;;;
550;664;Chalon-sur-Saône;FR;0,568;0,503;48,0;16;60,4;25;44,3;6;;;;;;;;;;;;;;;;;
551;434;Bedford;UK;0,634;0,567;49,3;21;52,1;25;53,2;12;;;;;;;;;;;;;;;;;
552;726;Friedrichshafen;DE;0,605;0,548;44,6;8;51,2;25;43,0;3;;;;;;;;;;;;;;;;;
553;131;Saronno;IT;0,436;0,456;58,0;6;23,3;25;75,4;5;;;;;;;;;;;;;;;;;
554;692;Vitoria/Gasteiz;ES;0,455;0,399;61,1;32;51,4;25;64,0;12;;;;;;;;;;;;;;;;;
555;136;Mansfield;UK;0,584;0,584;64,4;15;29,5;25;70,7;12;;;;;;;;;;;;;;;;;
556;847;Jyväskylä;FI;0,522;0,477;52,8;16;53,7;25;35,3;3;;;;;;;;;;;;;;;;;
557;130;Focșani;RO;0,429;0,424;76,1;8;36,0;25;77,6;7;;;;;;;;;;;;;;;;;
558;567;Leverkusen;DE;0,607;0,574;50,4;25;40,4;25;50,3;12;;;;;;;;;;;;;;;;;
559;815;Passau;DE;0,606;0,540;31,6;8;49,4;25;32,8;2;;;;;;;;;;;;;;;;;
560;72;"El Puerto de Santa María
";ES;0,347;0,335;49,9;9;26,7;25;70,2;8;;;;;;;;;;;;;;;;;
561;590;Ljubljana;SI;0,580;0,514;49,0;34;48,4;25;52,4;16;;;;;;;;;;;;;;;;;
562;768;Prague;CZ;0,552;0,511;44,1;175;39,9;25;47,1;60;;;;;;;;;;;;;;;;;
563;666;Ferrara;IT;0,543;0,461;43,7;24;69,7;25;45,1;10;;;;;;;;;;;;;;;;;
564;147;Tomaszów Mazowiecki;PL;0,560;0,527;60,2;8;42,9;25;62,5;6;;;;;;;;;;;;;;;;;
565;542;St. Gallen;CH;0,605;0,562;48,0;9;41,9;25;53,5;5;;;;;;;;;;;;;;;;;
566;348;Valence;FR;0,478;0,445;59,6;16;46,1;25;62,0;10;;;;;;;;;;;;;;;;;
567;444;Sittard-Geleen;NL;0,543;0,537;59,4;17;36,0;25;59,1;10;;;;;;;;;;;;;;;;;
568;676;Brandenburg an der Havel;DE;0,538;0,494;55,3;12;45,7;25;54,7;5;;;;;;;;;;;;;;;;;
569;801;Umeå;SE;0,529;0,439;48,0;17;63,0;25;38,9;5;;;;;;;;;;;;;;;;;
570;453;Quimper;FR;0,653;0,606;53,1;12;62,9;25;54,3;6;;;;;;;;;;;;;;;;;
571;350;Celle;DE;0,604;0,574;53,3;11;43,2;25;55,0;7;;;;;;;;;;;;;;;;;
572;320;Swidnica;PL;0,546;0,535;59,6;8;32,4;25;58,5;5;;;;;;;;;;;;;;;;;
573;265;Tartu;EE;0,504;0,501;65,6;12;27,0;25;79,0;8;;;;;;;;;;;;;;;;;
574;501;Modena;IT;0,541;0,456;55,8;28;54,6;25;58,8;15;;;;;;;;;;;;;;;;;
575;177;Ostrów Wielkopolski;PL;0,511;0,494;60,4;8;36,8;25;64,7;7;;;;;;;;;;;;;;;;;
576;191;Fréjus;FR;0,483;0,454;53,4;14;38,9;25;57,7;10;;;;;;;;;;;;;;;;;
577;741;Košice;SK;0,512;0,475;52,9;25;41,9;25;45,9;9;;;;;;;;;;;;;;;;;
578;665;Arnhem;NL;0,561;0,550;57,8;19;32,5;25;57,7;8;;;;;;;;;;;;;;;;;
579;539;Cerignola;IT;0,361;0,277;60,4;7;73,8;25;58,7;4;;;;;;;;;;;;;;;;;
580;728;Bielefeld;DE;0,617;0,582;44,3;48;45,7;25;44,1;18;;;;;;;;;;;;;;;;;
581;817;Acireale;IT;0,506;0,391;37,1;7;55,2;25;39,3;2;;;;;;;;;;;;;;;;;
582;255;Communauté d'Agglomération de Marne et Chantereine;FR;0,522;0,524;65,9;7;25,7;25;67,8;5;;;;;;;;;;;;;;;;;
583;749;Ancona;IT;0,511;0,420;45,2;16;61,9;25;50,8;6;;;;;;;;;;;;;;;;;
584;306;Maidstone;UK;0,628;0,600;51,8;20;40,4;25;58,4;13;;;;;;;;;;;;;;;;;
585;371;Bolzano;IT;0,536;0,471;58,8;14;44,4;25;64,8;9;;;;;;;;;;;;;;;;;
586;272;Rushmoor (metropolitan area);UK;0,610;0,604;61,9;22;30,2;25;69,6;15;;;;;;;;;;;;;;;;;
587;354;Kielce;PL;0,551;0,498;50,2;25;43,3;25;53,8;16;;;;;;;;;;;;;;;;;
588;583;Hamm;DE;0,632;0,594;46,4;26;49,2;25;48,5;13;;;;;;;;;;;;;;;;;
589;702;Lucerne (metropolitan area);CH;0,619;0,564;46,6;18;41,4;25;48,8;7;;;;;;;;;;;;;;;;;
590;734;Gdańsk;PL;0,523;0,477;49,0;60;44,3;25;41,3;23;;;;;;;;;;;;;;;;;
591;848;Oulu;FI;0,537;0,491;49,3;20;56,9;25;35,4;4;;;;;;;;;;;;;;;;;
592;457;Beauvais;FR;0,663;0,584;53,3;8;59,7;25;52,5;5;;;;;;;;;;;;;;;;;
593;17;Melilla;ES;0,199;0,218;74,9;8;14,7;25;84,8;9;;;;;;;;;;;;;;;;;
594;240;Speyer;DE;0,486;0,483;58,7;7;28,6;25;66,8;5;;;;;;;;;;;;;;;;;
595;559;Warwick;UK;0,679;0,621;54,9;18;58,1;25;57,4;9;;;;;;;;;;;;;;;;;
596;770;Trier;DE;0,578;0,530;41,5;15;46,8;25;41,1;5;;;;;;;;;;;;;;;;;
597;498;Recklinghausen;DE;0,600;0,584;51,9;17;37,8;25;53,9;9;;;;;;;;;;;;;;;;;
598;386;Veszprém;HU;0,537;0,513;49,2;7;40,8;25;59,4;4;;;;;;;;;;;;;;;;;
599;740;Bergen;NO;0,581;0,550;51,4;29;44,7;25;51,7;11;;;;;;;;;;;;;;;;;
600;565;Setúbal;PT;0,398;0,317;54,7;16;56,8;25;47,9;8;;;;;;;;;;;;;;;;;
601;220;Leszno;PL;0,487;0,471;61,8;7;33,8;25;64,4;5;;;;;;;;;;;;;;;;;
602;669;Albacete;ES;0,316;0,278;60,5;20;61,5;25;54,7;9;;;;;;;;;;;;;;;;;
603;580;Grosseto;IT;0,485;0,415;52,4;13;70,3;25;53,4;6;;;;;;;;;;;;;;;;;
604;530;Venlo;NL;0,552;0,521;46,8;12;42,5;25;51,4;7;;;;;;;;;;;;;;;;;
605;182;Pabianice;PL;0,552;0,523;58,7;8;41,7;25;58,9;6;;;;;;;;;;;;;;;;;
606;403;Doncaster;UK;0,597;0,579;52,0;39;39,6;25;52,3;24;;;;;;;;;;;;;;;;;
607;771;Mons;BE;0,633;0,599;38,4;12;47,0;25;36,3;4;;;;;;;;;;;;;;;;;
608;695;Kraków;PL;0,575;0,537;50,5;95;44,7;25;51,9;40;;;;;;;;;;;;;;;;;
609;830;Linköping;SE;0,624;0,551;44,7;20;72,1;25;36,4;5;;;;;;;;;;;;;;;;;
610;790;Aubagne;FR;0,519;0,498;56,1;13;48,0;25;43,3;4;;;;;;;;;;;;;;;;;
611;484;Bergisch Gladbach;DE;0,660;0,612;48,3;16;49,1;25;52,5;9;;;;;;;;;;;;;;;;;
612;466;Worcester;UK;0,598;0,609;64,0;12;26,1;25;69,3;7;;;;;;;;;;;;;;;;;
613;547;Alytus;LT;0,533;0,513;62,2;9;38,4;25;59,5;5;;;;;;;;;;;;;;;;;
614;693;Neuss;DE;0,576;0,568;49,2;21;42,0;25;44,4;9;;;;;;;;;;;;;;;;;
615;376;Valladolid;ES;0,335;0,308;63,3;42;38,0;25;67,6;27;;;;;;;;;;;;;;;;;
616;380;Reykjavík;IS;0,373;0,378;64,9;20;30,9;25;67,0;13;;;;;;;;;;;;;;;;;
617;648;Winterthur;CH;0,586;0,555;48,6;12;41,3;25;52,1;5;;;;;;;;;;;;;;;;;
618;682;Reggio Emilia;IT;0,585;0,496;49,4;23;66,1;25;49,3;10;;;;;;;;;;;;;;;;;
619;553;Woking;UK;0,655;0,625;65,2;12;42,8;25;62,9;6;;;;;;;;;;;;;;;;;
620;772;Marbella;ES;0,430;0,418;54,6;13;41,1;25;49,0;5;;;;;;;;;;;;;;;;;
621;525;Radom;PL;0,556;0,505;48,7;25;47,4;25;47,9;14;;;;;;;;;;;;;;;;;
622;621;Dos Hermanas;ES;0,281;0,269;63,3;12;37,1;25;58,9;6;;;;;;;;;;;;;;;;;
623;743;Terni;IT;0,528;0,434;43,1;18;64,0;25;43,6;7;;;;;;;;;;;;;;;;;
624;493;Kladno;CZ;0,560;0,521;47,8;8;37,4;25;55,1;4;;;;;;;;;;;;;;;;;
625;699;Zwolle;NL;0,599;0,555;49,9;13;41,5;25;56,3;6;;;;;;;;;;;;;;;;;
626;519;Saint-Brieuc;FR;0,609;0,546;48,7;16;58,4;25;48,4;9;;;;;;;;;;;;;;;;;
627;730;Plateau de Saclay;FR;0,625;0,622;57,9;8;37,9;25;55,1;3;;;;;;;;;;;;;;;;;
628;810;Wetzlar;DE;0,595;0,560;36,0;7;43,4;25;38,5;2;;;;;;;;;;;;;;;;;
629;556;Bath and North East Somerset;UK;0,677;0,638;51,3;23;48,7;25;51,3;12;;;;;;;;;;;;;;;;;
630;642;Doway;FR;0,601;0,556;42,4;16;48,6;25;39,5;8;;;;;;;;;;;;;;;;;
631;545;Albi;FR;0,573;0,542;58,3;11;57,1;25;55,2;6;;;;;;;;;;;;;;;;;
632;563;Suceava;RO;0,491;0,471;55,0;8;42,0;25;54,6;4;;;;;;;;;;;;;;;;;
633;270;Chesterfield;UK;0,603;0,598;50,9;14;31,8;25;61,8;10;;;;;;;;;;;;;;;;;
634;640;Palencia;ES;0,371;0,299;56,3;11;55,8;25;63,2;5;;;;;;;;;;;;;;;;;
635;802;Kristiansand;NO;0,585;0,544;42,1;8;44,8;25;46,9;3;;;;;;;;;;;;;;;;;
636;769;Trento;IT;0,574;0,473;45,0;15;53,3;25;42,7;6;;;;;;;;;;;;;;;;;
637;592;Kalisz;PL;0,517;0,478;49,5;12;49,3;25;43,9;6;;;;;;;;;;;;;;;;;
638;627;Oss;NL;0,589;0,550;47,0;10;49,2;25;51,4;5;;;;;;;;;;;;;;;;;
639;479;Olomouc;CZ;0,539;0,481;48,3;12;42,6;25;54,6;7;;;;;;;;;;;;;;;;;
640;656;Weimar;DE;0,599;0,517;39,8;9;51,2;25;40,8;4;;;;;;;;;;;;;;;;;
641;792;Braga;PT;0,540;0,438;47,4;18;56,2;25;45,8;6;;;;;;;;;;;;;;;;;
642;495;Hoorn;NL;0,527;0,540;58,7;8;22,4;25;75,8;5;;;;;;;;;;;;;;;;;
643;337;Cambridge;UK;0,587;0,591;68,1;13;24,4;25;77,7;9;;;;;;;;;;;;;;;;;
644;538;Heerlen;NL;0,538;0,522;56,2;27;32,2;25;55,7;15;;;;;;;;;;;;;;;;;
645;654;Évreux;FR;0,670;0,576;45,4;9;64,7;25;48,4;4;;;;;;;;;;;;;;;;;
646;819;Uppsala;SE;0,602;0,520;45,5;23;75,4;25;33,8;7;;;;;;;;;;;;;;;;;
647;725;Latina;IT;0,523;0,434;51,8;14;65,1;25;46,8;6;;;;;;;;;;;;;;;;;
648;163;Blagóevgrad;BG;0,439;0,424;62,6;6;39,0;25;65,5;6;;;;;;;;;;;;;;;;;
649;723;Bergen op Zoom;NL;0,565;0,513;44,2;8;44,9;25;53,9;3;;;;;;;;;;;;;;;;;
650;387;Pordenone;IT;0,500;0,474;56,4;7;43,0;25;62,4;5;;;;;;;;;;;;;;;;;
651;609;Exeter;UK;0,589;0,577;58,6;15;32,1;25;61,9;8;;;;;;;;;;;;;;;;;
652;618;Pardubice;CZ;0,568;0,512;36,1;11;43,2;25;48,6;6;;;;;;;;;;;;;;;;;
653;562;Cheshire West and Chester;UK;0,650;0,573;49,6;24;57,0;25;56,0;13;;;;;;;;;;;;;;;;;
654;735;Olsztyn;PL;0,515;0,466;44,7;18;42,1;25;43,5;8;;;;;;;;;;;;;;;;;
655;586;Legnica;PL;0,561;0,522;43,1;11;42,4;25;47,5;6;;;;;;;;;;;;;;;;;
656;785;Hradec Králové;CZ;0,569;0,516;41,2;11;47,4;25;43,8;4;;;;;;;;;;;;;;;;;
657;568;La Rochelle;FR;0,500;0,446;50,6;19;46,2;25;56,4;10;;;;;;;;;;;;;;;;;
658;675;Lelystad;NL;0,568;0,552;61,9;6;43,2;25;68,7;3;;;;;;;;;;;;;;;;;
659;732;Plock;PL;0,522;0,462;45,4;13;49,6;25;46,0;6;;;;;;;;;;;;;;;;;
660;758;Heemskerk;NL;0,531;0,509;44,8;11;37,7;25;47,6;4;;;;;;;;;;;;;;;;;
661;607;Angoulême;FR;0,567;0,526;49,5;13;48,6;25;47,4;7;;;;;;;;;;;;;;;;;
662;305;Communauté d'Agglomération Val de France;FR;0,491;0,496;68,5;11;22,4;25;70,7;8;;;;;;;;;;;;;;;;;
663;764;'s-Hertogenbosch;NL;0,551;0,522;53,5;15;41,7;25;52,3;6;;;;;;;;;;;;;;;;;
664;527;Greifswald;DE;0,561;0,531;51,6;8;41,1;25;56,7;4;;;;;;;;;;;;;;;;;
665;546;Jena;DE;0,579;0,532;49,1;13;50,6;25;53,4;8;;;;;;;;;;;;;;;;;
666;826;Ajaccio;FR;0,572;0,463;37,4;9;63,0;25;32,5;3;;;;;;;;;;;;;;;;;
667;623;Carpi;IT;0,552;0,456;46,3;9;64,0;25;56,5;5;;;;;;;;;;;;;;;;;
668;523;Reus;ES;0,321;0,277;60,7;12;46,6;25;57,4;7;;;;;;;;;;;;;;;;;
669;652;Rugby;UK;0,690;0,608;46,4;12;61,5;25;51,7;6;;;;;;;;;;;;;;;;;
670;561;Communauté d'agglomération de la Brie Francilienne;FR;0,545;0,547;67,4;4;27,4;25;67,8;3;;;;;;;;;;;;;;;;;
671;715;Münster;DE;0,611;0,586;46,2;34;45,1;25;48,4;16;;;;;;;;;;;;;;;;;
672;261;Andria;IT;0,327;0,231;57,9;10;68,3;25;67,6;8;;;;;;;;;;;;;;;;;
673;709;Alkmaar;NL;0,588;0,545;51,1;18;44,0;25;55,5;8;;;;;;;;;;;;;;;;;
674;630;Magdeburg;DE;0,527;0,499;51,7;31;36,6;25;53,9;16;;;;;;;;;;;;;;;;;
675;836;Lund;SE;0,631;0,558;47,8;13;57,6;25;43,2;3;;;;;;;;;;;;;;;;;
676;429;Montpellier;FR;0,443;0,418;67,8;41;39,7;25;68,3;28;;;;;;;;;;;;;;;;;
677;761;Przemysl;PL;0,595;0,513;30,2;1;55,6;25;39,0;0;;;;;;;;;;;;;;;;;
678;426;Benalmádena;ES;0,345;0,343;62,3;5;28,7;25;69,5;4;;;;;;;;;;;;;;;;;
679;363;Communauté d'Agglomération Val d'Yerres Val de Seine (CAVYVS);FR;0,594;0,595;66,5;8;25,1;25;69,5;6;;;;;;;;;;;;;;;;;
680;450;Zaragoza;ES;0,356;0,282;62,6;79;50,6;25;64,2;53;;;;;;;;;;;;;;;;;
681;753;Vannes;FR;0,644;0,582;44,6;15;62,7;25;41,9;7;;;;;;;;;;;;;;;;;
682;374;Bialystok;PL;0,496;0,467;57,7;31;34,0;25;61,3;23;;;;;;;;;;;;;;;;;
683;418;Larissa;EL;0,342;0,328;57,5;17;34,4;25;62,5;12;;;;;;;;;;;;;;;;;
684;205;Communauté d'Agglomération du Val d'Orge;FR;0,545;0,550;69,2;10;22,9;25;76,7;9;;;;;;;;;;;;;;;;;
685;529;Zoetermeer;NL;0,521;0,527;66,6;11;23,1;25;77,5;7;;;;;;;;;;;;;;;;;
686;727;Jelenia Góra;PL;0,604;0,552;45,4;8;50,9;25;44,7;4;;;;;;;;;;;;;;;;;
687;789;Wolfsburg;DE;0,580;0,541;38,8;16;43,6;25;40,4;6;;;;;;;;;;;;;;;;;
688;710;Tunbridge Wells;UK;0,720;0,646;46,4;13;70,2;25;45,4;6;;;;;;;;;;;;;;;;;
689;646;Ravenna;IT;0,528;0,443;44,4;22;67,6;25;42,9;12;;;;;;;;;;;;;;;;;
690;598;Altamura;IT;0,373;0,284;55,2;7;69,3;25;59,2;4;;;;;;;;;;;;;;;;;
691;639;Karviná;CZ;0,608;0,556;48,8;6;47,7;25;43,7;3;;;;;;;;;;;;;;;;;
692;370;Tatabánya;HU;0,550;0,523;38,4;7;36,7;25;50,0;5;;;;;;;;;;;;;;;;;
693;367;Vicenza;IT;0,498;0,439;53,2;13;50,8;25;57,6;10;;;;;;;;;;;;;;;;;
694;835;Borås;SE;0,642;0,554;42,3;12;70,4;25;32,9;3;;;;;;;;;;;;;;;;;
695;644;Torun;PL;0,487;0,450;55,9;19;38,0;25;52,8;11;;;;;;;;;;;;;;;;;
696;582;Basildon;UK;0,610;0,583;58,7;19;40,8;25;60,5;11;;;;;;;;;;;;;;;;;
697;651;Communauté d'Agglomération de Lens – Liévin;FR;0,572;0,542;52,3;24;40,6;25;50,6;13;;;;;;;;;;;;;;;;;
698;528;Valencia (metropolitan area);ES;0,281;0,242;62,4;138;41,0;25;57,3;87;;;;;;;;;;;;;;;;;
699;269;Communauté d'Agglomération Val Parisis;FR;0,525;0,531;57,1;7;25,7;25;71,5;6;;;;;;;;;;;;;;;;;
700;614;Thurrock;UK;0,557;0,506;47,5;13;43,0;25;55,5;8;;;;;;;;;;;;;;;;;
701;722;Gniezno;PL;0,528;0,486;46,7;6;44,0;25;45,0;3;;;;;;;;;;;;;;;;;
702;774;Montbéliard;FR;0,599;0,550;40,5;11;43,8;25;42,6;5;;;;;;;;;;;;;;;;;
703;633;Poitiers;FR;0,598;0,546;55,0;13;50,0;25;60,3;7;;;;;;;;;;;;;;;;;
704;554;Bitonto;IT;0,316;0,271;52,9;6;63,4;25;55,1;3;;;;;;;;;;;;;;;;;
705;616;Gandia;ES;0,333;0,250;50,8;7;50,9;25;58,1;4;;;;;;;;;;;;;;;;;
706;661;Moers;DE;0,598;0,571;50,2;12;42,4;25;53,6;7;;;;;;;;;;;;;;;;;
707;752;CA des deux Rives de la Seine;FR;0,561;0,532;56,0;5;37,1;25;56,6;2;;;;;;;;;;;;;;;;;
708;704;Iserlohn;DE;0,643;0,591;40,8;11;53,7;25;39,8;5;;;;;;;;;;;;;;;;;
709;711;Rosenheim;DE;0,581;0,497;30,1;6;45,1;25;47,1;3;;;;;;;;;;;;;;;;;
710;566;Stockton-on-Tees;UK;0,598;0,563;48,7;19;38,5;25;57,4;12;;;;;;;;;;;;;;;;;
711;763;Prešov;SK;0,559;0,490;41,6;7;47,4;25;42,0;3;;;;;;;;;;;;;;;;;
712;626;Düren;DE;0,563;0,534;46,6;10;43,0;25;43,3;6;;;;;;;;;;;;;;;;;
713;635;Wrexham;UK;0,633;0,589;43,6;14;47,3;25;42,1;8;;;;;;;;;;;;;;;;;
714;712;Opole;PL;0,539;0,509;43,4;12;43,5;25;42,0;6;;;;;;;;;;;;;;;;;
715;589;Palma de Mallorca;ES;0,339;0,286;56,5;37;48,2;25;50,3;22;;;;;;;;;;;;;;;;;
716;677;Bern (metropolitan area);CH;0,617;0,563;46,7;23;46,2;25;53,3;12;;;;;;;;;;;;;;;;;
717;438;Dunaújváros;HU;0,559;0,543;42,8;5;36,9;25;50,0;4;;;;;;;;;;;;;;;;;
718;558;Redditch;UK;0,650;0,654;51,2;8;30,4;25;63,5;5;;;;;;;;;;;;;;;;;
719;750;Stoke-on-Trent (metropolitan area);UK;0,636;0,555;41,1;39;46,1;25;52,3;18;;;;;;;;;;;;;;;;;
720;628;Nissewaard;NL;0,573;0,527;56,8;12;44,0;25;58,6;7;;;;;;;;;;;;;;;;;
721;474;Torrejón de Ardoz;ES;0,275;0,291;72,9;9;25,6;25;79,2;6;;;;;;;;;;;;;;;;;
722;684;Chelmsford;UK;0,662;0,581;50,1;17;61,4;25;50,4;9;;;;;;;;;;;;;;;;;
723;717;Lublin;PL;0,531;0,504;50,6;32;43,5;25;48,8;16;;;;;;;;;;;;;;;;;
724;619;Frankenthal;DE;0,461;0,461;49,3;6;39,8;25;39,2;3;;;;;;;;;;;;;;;;;
725;798;Metropolitan Association of Upper Silesia;PL;0,566;0,509;36,3;187;46,6;25;34,6;75;;;;;;;;;;;;;;;;;
726;779;Râmnicu Vâlcea;RO;0,541;0,449;50,7;8;50,5;25;47,0;4;;;;;;;;;;;;;;;;;
727;737;Evry;FR;0,542;0,536;61,3;8;29,1;25;64,3;4;;;;;;;;;;;;;;;;;
728;691;Pula;HR;0,492;0,385;37,3;6;53,3;25;38,7;3;;;;;;;;;;;;;;;;;
729;620;Wycombe;UK;0,655;0,627;52,6;16;45,9;25;50,4;9;;;;;;;;;;;;;;;;;
730;689;Niort;FR;0,600;0,542;45,8;10;57,1;25;44,1;6;;;;;;;;;;;;;;;;;
731;745;Bourges;FR;0,569;0,529;46,3;10;54,3;25;42,9;5;;;;;;;;;;;;;;;;;
732;668;Zgierz;PL;0,584;0,540;46,3;6;47,4;25;46,5;3;;;;;;;;;;;;;;;;;
733;549;Trencín;SK;0,497;0,447;51,7;5;43,6;25;49,8;3;;;;;;;;;;;;;;;;;
734;811;Galway;IE;0,611;0,573;36,0;5;43,0;25;51,2;2;;;;;;;;;;;;;;;;;
735;548;Inowroclaw;PL;0,511;0,468;49,9;6;42,3;25;44,3;4;;;;;;;;;;;;;;;;;
736;795;Neu-Ulm;DE;0,583;0,516;24,8;6;48,5;25;38,1;2;;;;;;;;;;;;;;;;;
737;733;Almere;NL;0,536;0,527;60,9;12;29,7;25;62,5;6;;;;;;;;;;;;;;;;;
738;611;Colchester;UK;0,636;0,574;48,9;17;59,2;25;53,4;11;;;;;;;;;;;;;;;;;
739;794;Zlín;CZ;0,598;0,527;34,1;7;54,2;25;33,4;3;;;;;;;;;;;;;;;;;
740;347;Milton Keynes;UK;0,610;0,606;54,6;19;31,1;25;68,0;16;;;;;;;;;;;;;;;;;
741;282;Stevenage;UK;0,594;0,605;55,9;8;24,6;25;69,8;7;;;;;;;;;;;;;;;;;
742;671;Perpignan;FR;0,384;0,336;48,9;29;49,2;25;47,6;17;;;;;;;;;;;;;;;;;
743;599;Oxford;UK;0,613;0,613;59,7;12;25,4;25;70,5;8;;;;;;;;;;;;;;;;;
744;822;Rybnik;PL;0,613;0,563;33,6;12;47,3;25;27,7;4;;;;;;;;;;;;;;;;;
745;800;Tromsø;NO;0,549;0,507;33,2;6;55,6;25;38,8;2;;;;;;;;;;;;;;;;;
746;579;Ashford;UK;0,652;0,585;45,1;11;52,0;25;52,0;7;;;;;;;;;;;;;;;;;
747;634;Jerez de la Frontera;ES;0,332;0,279;56,9;16;55,2;25;55,1;10;;;;;;;;;;;;;;;;;
748;759;Guildford;UK;0,698;0,625;47,8;12;60,6;25;49,6;6;;;;;;;;;;;;;;;;;
749;814;Kirklees;UK;0,656;0,579;36,9;37;50,9;25;39,0;14;;;;;;;;;;;;;;;;;
750;645;Nitra;SK;0,518;0,490;48,4;6;37,8;25;50,1;4;;;;;;;;;;;;;;;;;
751;680;Alba Iulia;RO;0,502;0,438;46,8;5;49,2;25;47,1;3;;;;;;;;;;;;;;;;;
752;533;Bydgoszcz;PL;0,464;0,427;51,2;30;37,9;25;58,0;22;;;;;;;;;;;;;;;;;
753;368;Zamosc;PL;0,532;0,500;53,2;2;40,8;25;55,7;2;;;;;;;;;;;;;;;;;
754;643;Ragusa;IT;0,358;0,293;48,5;7;61,0;25;56,2;4;;;;;;;;;;;;;;;;;
755;433;Chelm;PL;0,545;0,522;56,3;6;38,4;25;58,4;5;;;;;;;;;;;;;;;;;
756;757;North Lanarkshire (Airdrie/Bellshill/Coatbridge/Motherwell);UK;0,595;0,552;38,3;29;46,3;25;41,0;15;;;;;;;;;;;;;;;;;
757;681;Torremolinos;ES;0,296;0,306;69,3;5;27,6;25;71,1;3;;;;;;;;;;;;;;;;;
758;776;Burgos;ES;0,393;0,331;47,8;18;43,5;25;51,0;9;;;;;;;;;;;;;;;;;
759;555;Basingstoke and Deane;UK;0,642;0,615;49,1;14;42,9;25;57,4;10;;;;;;;;;;;;;;;;;
760;491;Cannock Chase;UK;0,613;0,591;48,5;9;36,9;25;60,1;7;;;;;;;;;;;;;;;;;
761;827;Aix-en-Provence;FR;0,512;0,466;42,8;30;56,2;25;33,0;11;;;;;;;;;;;;;;;;;
762;775;Saint-Quentin en Yvelines;FR;0,564;0,551;59,1;8;32,7;25;60,2;4;;;;;;;;;;;;;;;;;
763;748;Zamora;ES;0,374;0,312;47,7;7;60,3;25;43,0;4;;;;;;;;;;;;;;;;;
764;694;Bottrop;DE;0,602;0,564;47,9;12;46,4;25;47,4;7;;;;;;;;;;;;;;;;;
765;605;St Albans;UK;0,669;0,632;50,9;12;49,8;25;54,7;8;;;;;;;;;;;;;;;;;
766;531;Matera;IT;0,372;0,335;54,0;6;56,8;25;61,3;4;;;;;;;;;;;;;;;;;
767;494;Manresa;ES;0,325;0,276;50,9;7;46,7;25;56,6;5;;;;;;;;;;;;;;;;;
768;833;Marburg;DE;0,635;0,581;31,9;6;52,8;25;34,7;2;;;;;;;;;;;;;;;;;
769;824;Campobasso;IT;0,527;0,422;39,7;5;57,7;25;45,4;2;;;;;;;;;;;;;;;;;
770;829;Grudziadz;PL;0,506;0,457;27,6;1;45,3;25;33,6;0;;;;;;;;;;;;;;;;;
771;855;Aveiro;PT;0,498;0,405;24,5;7;54,6;25;20,4;1;;;;;;;;;;;;;;;;;
772;767;Alphen aan den Rijn;NL;0,579;0,512;42,4;8;47,4;25;48,3;4;;;;;;;;;;;;;;;;;
773;818;Alcoy;ES;0,350;0,297;51,5;6;58,1;25;42,9;2;;;;;;;;;;;;;;;;;
774;688;Marne la Vallée;FR;0,569;0,551;64,3;4;30,9;25;64,5;3;;;;;;;;;;;;;;;;;
775;303;Elda (metropolitan area);ES;0,224;0,220;59,5;8;40,2;25;58,3;8;;;;;;;;;;;;;;;;;
776;659;Jaen;ES;0,319;0,268;53,0;9;57,8;25;48,4;6;;;;;;;;;;;;;;;;;
777;756;Martigues;FR;0,437;0,380;47,7;6;47,2;25;49,9;3;;;;;;;;;;;;;;;;;
778;812;Gorzów Wielkopolski;PL;0,551;0,494;41,0;9;47,7;25;38,1;4;;;;;;;;;;;;;;;;;
779;796;Cergy-Pontoise;FR;0,569;0,551;57,1;10;34,6;25;54,6;5;;;;;;;;;;;;;;;;;
780;574;Dacorum;UK;0,656;0,625;52,0;12;42,0;25;57,1;9;;;;;;;;;;;;;;;;;
781;780;Nuneaton and Bedworth;UK;0,614;0,584;43,8;11;38,8;25;50,8;6;;;;;;;;;;;;;;;;;
782;602;Sankt Augustin;DE;0,587;0,568;52,6;5;37,2;25;52,9;3;;;;;;;;;;;;;;;;;
783;837;Ponferrada;ES;0,534;0,415;29,0;7;59,5;25;31,8;2;;;;;;;;;;;;;;;;;
784;821;Tübingen;DE;0,622;0,594;34,1;6;45,1;25;43,9;2;;;;;;;;;;;;;;;;;
785;786;Jihlava;CZ;0,555;0,483;38,4;4;51,7;25;44,9;2;;;;;;;;;;;;;;;;;
786;706;Forlì;IT;0,526;0,450;39,1;12;68,0;25;43,7;7;;;;;;;;;;;;;;;;;
787;697;Ávila;ES;0,363;0,323;47,0;5;56,1;25;59,4;3;;;;;;;;;;;;;;;;;
788;570;Telford and Wrekin;UK;0,633;0,616;45,3;12;36,0;25;54,6;10;;;;;;;;;;;;;;;;;
789;473;Faro;PT;0,343;0,229;51,5;6;64,1;25;56,3;5;;;;;;;;;;;;;;;;;
790;672;Trondheim;NO;0,517;0,498;44,9;13;41,1;25;57,8;9;;;;;;;;;;;;;;;;;
791;783;Vilanova i la Geltrú;ES;0,328;0,294;40,8;5;44,9;25;42,9;3;;;;;;;;;;;;;;;;;
792;705;Communauté de Communes de l’Ouest de la Plaine de France (CCOPF);FR;0,590;0,549;55,7;3;42,4;25;55,2;2;;;;;;;;;;;;;;;;;
793;807;Falkirk;UK;0,612;0,560;34,1;12;51,9;25;37,8;6;;;;;;;;;;;;;;;;;
794;520;Ciudad real;ES;0,322;0,274;59,0;6;59,4;25;65,0;5;;;;;;;;;;;;;;;;;
795;540;Alcalá de Henares;ES;0,298;0,301;73,0;13;26,8;25;71,8;11;;;;;;;;;;;;;;;;;
796;714;Suwałki;PL;0,464;0,433;32,0;1;46,9;25;47,4;0;;;;;;;;;;;;;;;;;
797;718;Granollers;ES;0,309;0,275;52,6;4;36,9;25;61,9;3;;;;;;;;;;;;;;;;;
798;738;Wakefield;UK;0,622;0,557;33,1;25;47,5;25;43,0;16;;;;;;;;;;;;;;;;;
799;755;Salzgitter;DE;0,633;0,591;39,9;9;47,3;25;36,6;6;;;;;;;;;;;;;;;;;
800;700;Vila Franca de Xira;PT;0,430;0,343;52,3;9;55,7;25;51,0;6;;;;;;;;;;;;;;;;;
801;721;Huelva;ES;0,239;0,213;55,1;10;37,1;25;53,4;6;;;;;;;;;;;;;;;;;
802;536;Mataró;ES;0,336;0,269;68,5;8;40,9;25;68,1;7;;;;;;;;;;;;;;;;;
803;747;Most;CZ;0,579;0,513;44,6;4;45,8;25;41,9;3;;;;;;;;;;;;;;;;;
804;524;Tamworth;UK;0,598;0,596;50,4;6;26,1;25;68,0;5;;;;;;;;;;;;;;;;;
805;597;Hénin - Carvin;FR;0,550;0,532;52,4;8;37,8;25;51,6;7;;;;;;;;;;;;;;;;;
806;804;Frankfurt (Oder);DE;0,572;0,519;35,9;5;51,6;25;40,4;3;;;;;;;;;;;;;;;;;
807;831;Pamplona (metropolitan area);ES;0,443;0,360;48,3;22;46,8;25;47,2;9;;;;;;;;;;;;;;;;;
808;809;Barnsley;UK;0,655;0,584;32,5;17;49,7;25;35,5;9;;;;;;;;;;;;;;;;;
809;443;Bracknell Forest;UK;0,627;0,613;56,4;6;33,5;25;66,3;7;;;;;;;;;;;;;;;;;
810;319;Almería;ES;0,164;0,163;68,2;11;28,4;25;64,9;14;;;;;;;;;;;;;;;;;
811;840;Arezzo;IT;0,569;0,450;28,1;8;70,9;25;35,3;3;;;;;;;;;;;;;;;;;
812;841;Banská Bystrica;SK;0,590;0,531;40,1;5;50,2;25;35,1;2;;;;;;;;;;;;;;;;;
813;806;Veliko Tarnovo;BG;0,515;0,424;51,3;2;43,8;25;46,3;1;;;;;;;;;;;;;;;;;
814;448;Crawley;UK;0,599;0,595;55,4;6;27,7;25;74,6;7;;;;;;;;;;;;;;;;;
815;854;Viana do Castelo;PT;0,597;0,471;22,4;7;64,2;25;19,6;2;;;;;;;;;;;;;;;;;
816;624;CC des Coteaux de la Seine;FR;0,647;0,634;52,2;2;33,0;25;53,8;2;;;;;;;;;;;;;;;;;
817;636;Linares;ES;0,278;0,232;47,4;4;51,4;25;50,9;3;;;;;;;;;;;;;;;;;
818;716;Anzio;IT;0,448;0,409;40,3;4;37,7;25;49,3;3;;;;;;;;;;;;;;;;;
819;813;Lleida;ES;0,403;0,282;45,7;9;64,0;25;39,0;5;;;;;;;;;;;;;;;;;
820;820;Sénart;FR;0,607;0,574;37,1;1;42,8;25;43,2;0;;;;;;;;;;;;;;;;;
821;843;Konin;PL;0,509;0,460;36,9;4;50,3;25;30,6;2;;;;;;;;;;;;;;;;;
822;851;Murcia;ES;0,293;0,244;39,4;24;57,3;25;23,3;8;;;;;;;;;;;;;;;;;
823;844;Karlovy Vary;CZ;0,595;0,528;30,0;3;51,2;25;31,5;1;;;;;;;;;;;;;;;;;
824;751;Haarlemmermeer;NL;0,542;0,508;49,2;7;40,9;25;49,8;5;;;;;;;;;;;;;;;;;
825;834;Toledo;ES;0,327;0,291;57,6;5;50,2;25;43,5;2;;;;;;;;;;;;;;;;;
826;744;Glogów;PL;0,538;0,516;46,4;4;36,6;25;43,2;3;;;;;;;;;;;;;;;;;
827;99;Torrevieja;ES;0,182;0,185;57,3;5;21,8;25;77,1;10;;;;;;;;;;;;;;;;;
828;781;Rotherham;UK;0,627;0,571;38,1;16;46,1;25;41,5;11;;;;;;;;;;;;;;;;;
829;803;Merida;ES;0,308;0,272;52,8;3;57,2;25;49,9;2;;;;;;;;;;;;;;;;;
830;731;Alicante;ES;0,200;0,197;53,1;19;51,0;25;42,4;16;;;;;;;;;;;;;;;;;
831;679;Mollet del Vallès;ES;0,295;0,282;48,8;3;33,0;25;66,4;3;;;;;;;;;;;;;;;;;
832;271;Corby;UK;0,594;0,576;47,1;3;32,8;25;68,9;5;;;;;;;;;;;;;;;;;
833;797;Lubin;PL;0,534;0,475;43,6;4;45,4;25;38,3;3;;;;;;;;;;;;;;;;;
834;839;L'Aquila;IT;0,495;0,404;29,0;4;59,1;25;28,2;2;;;;;;;;;;;;;;;;;
835;138;Nicosia;CY;0,230;0,232;68,2;11;29,0;25;75,6;21;;;;;;;;;;;;;;;;;
836;846;Coimbra;PT;0,532;0,394;24,7;9;64,1;25;24,3;4;;;;;;;;;;;;;;;;;
837;510;Benidorm;ES;0,252;0,234;49,1;4;42,5;25;50,0;4;;;;;;;;;;;;;;;;;
838;859;Santiago de Compostela;ES;0,629;0,460;25,4;6;67,0;25;23,9;2;;;;;;;;;;;;;;;;;
839;788;Ostrowiec Swietokrzyski;PL;0,581;0,523;43,1;4;51,6;25;37,5;3;;;;;;;;;;;;;;;;;
840;845;Walbrzych;PL;0,600;0,512;23,4;10;58,4;25;21,4;5;;;;;;;;;;;;;;;;;
841;650;Igualada (metropolitan area);ES;0,308;0,265;43,5;3;40,7;25;52,3;3;;;;;;;;;;;;;;;;;
842;782;Talavera de la Reina;ES;0,388;0,314;39,1;5;65,3;25;34,8;4;;;;;;;;;;;;;;;;;
843;793;Lomza;PL;0,495;0,462;29,4;1;39,0;25;33,6;1;;;;;;;;;;;;;;;;;
844;754;Cartagena;ES;0,217;0,184;50,9;10;58,8;25;38,4;9;;;;;;;;;;;;;;;;;
845;849;Perugia;IT;0,540;0,459;30,7;10;63,7;25;27,3;5;;;;;;;;;;;;;;;;;
846;838;Potenza;IT;0,549;0,452;38,7;4;67,8;25;36,3;2;;;;;;;;;;;;;;;;;
847;852;Havírov;CZ;0,624;0,563;36,8;3;49,8;25;23,2;1;;;;;;;;;;;;;;;;;
848;719;Guadalajara;ES;0,332;0,294;37,1;4;46,6;25;54,4;5;;;;;;;;;;;;;;;;;
849;863;Puerto de la Cruz (metropolitan area);ES;0,504;0,296;14,7;3;60,6;25;12,5;1;;;;;;;;;;;;;;;;;
850;823;San Vicente del Raspeig / Sant Vicent del Raspeig;ES;0,204;0,191;35,1;2;49,0;25;35,3;2;;;;;;;;;;;;;;;;;
851;857;Viseu;PT;0,577;0,453;20,1;4;67,5;25;15,2;2;;;;;;;;;;;;;;;;;
852;791;Ibiza;ES;0,265;0,232;43,1;1;40,3;25;45,4;1;;;;;;;;;;;;;;;;;
853;864;Jastrzebie-Zdrój;PL;0,627;0,564;25,0;3;63,1;25;9,3;0;;;;;;;;;;;;;;;;;
854;856;Zory;PL;0,593;0,530;24,8;2;54,2;25;22,9;1;;;;;;;;;;;;;;;;;
855;850;Harlow;UK;0,609;0,573;32,5;3;40,3;25;35,9;2;;;;;;;;;;;;;;;;;
856;862;Catanzaro;IT;0,500;0,404;22,1;3;59,2;25;15,1;1;;;;;;;;;;;;;;;;;
857;853;Cuenca;ES;0,309;0,249;35,3;2;62,0;25;36,3;1;;;;;;;;;;;;;;;;;
858;825;Cáceres;ES;0,338;0,278;41,6;3;65,2;25;42,0;3;;;;;;;;;;;;;;;;;
859;865;Guimarães;PT;0,556;0,443;18,4;3;61,2;25;9,4;1;;;;;;;;;;;;;;;;;
860;454;Arrecife;ES;0,110;0,105;49,7;1;37,4;25;60,9;3;;;;;;;;;;;;;;;;;
861;858;Telde;ES;0,229;0,178;33,0;2;63,8;25;20,7;1;;;;;;;;;;;;;;;;;
862;860;Lorca;ES;0,245;0,192;20,7;2;69,1;25;11,8;1;;;;;;;;;;;;;;;;;
863;861;Elche;ES;0,230;0,182;20,2;4;66,0;25;11,9;2;;;;;;;;;;;;;;;;;
864;799;Valdemoro;ES;0,257;0,254;39,9;1;32,4;25;60,3;2;;;;;;;;;;;;;;;;;
865;866;Paredes;PT;0,548;0,472;14,8;1;63,8;25;4,4;0;;;;;;;;;;;;;;;;;
866;777;Santa Lucía de Tirajana;ES;0,127;0,117;38,2;1;38,1;25;55,4;2;;;;;;;;;;;;;;;;;
